prosjektnummer,prosjekttittel,soknadsfrist,soknadsdato,utlysnings_id,utlysningsaktivitet,utlysningtittel,prosjekttype,soknadstype,soknadstypevariant,sokstart,sokslutt,prosjektfase,prosjektstart,prosjektslutt,prosjektleder_kjonn,prosjektansvarlig_type,prosjektansvarlig_navn,kortnavn,organisasjonsnummer,kp1,kp2,sektor,kategori,kommune,kommunenummer,fylke,fylkenummer,landsdel,virkemiddel_sekvens,virkemiddel,hovedaktivitet_sekvens,hovedaktivitet,aktivitet,aktivitet_kode,fagomraade,fag,fagdisiplin,dr_stip_aarsverk,postdok_aarsverk,sokt_belop,tildelt_belop,prosjektleder
101233,Nordisk samarbeidsnemnd for naturvitenskap (NOS-N) ( videreført i prosjekt 247260),,,,,,Andre,Koordinerings- og støtteaktivitet,Nettverksstøtte,1993,2014,Avsluttet,1993,2015,MANN,Organisasjon,NOS-N,,0,800,00,Utlandet,Utland,Oslo,0301,Oslo,03,Oslo og Akershus,4,Nettverkstiltak,16,Internasjonale nettverkstiltak,Annet internasjonalt samarbeid,DIV-INT,Matematikk og naturvitenskap,Matematikk/naturvitenskap - tverrfaglig,Tverr/flerfaglig innen matematikk og naturvitenskap,0.0,0.0,260107.0,2169163.27,Asbjørn Mo
101367,NTVA økonomisk driftsbidrag (videreført i prosjekt 245635),,1994-12-16 00:00:00,,,,Institusjonsstøtte,Ingen søknadstype,Ingen søknadstypevariant,1994,2004,Avsluttet,1994,2014,MANN,Organisasjon,NORGES TEKNISKE VITENSKAPSAKADEMI NTVA,NTVA,977198852,930,19,Øvrige,Øvrige andre,Trondheim - Tråante,5001,Trøndelag - Trööndelage,50,Trøndelag,3,Infrastruktur og institusjonelle tiltak,10,Strategisk institusjonsstøtte,Gen. andre institusjoner,GENINST,Matematikk og naturvitenskap,Matematikk/naturvitenskap - tverrfaglig,Tverr/flerfaglig mat.nat og andre fagområder,0.0,0.0,1300000.0,11700000.0,Hein Johnson
103611,Finansiering av forskningsinfrastruktur (videreført i prosj. 210331),,1989-12-01 00:00:00,,,,Institusjonsstøtte,Grunnbevilgninger,Grunnbevilgninger - Ingen søknadstypevariant,1990,2010,Avsluttet,1990,2011,KVINNE,Organisasjon,NSD - NORSK SENTER FOR FORSKNINGSDATA AS,NSD,985321884,707,41,Instituttsektor,Øvrige forskningsinstitutter,Bergen,4601,Vestland,46,Vestlandet,3,Infrastruktur og institusjonelle tiltak,10,Strategisk institusjonsstøtte,Norsk samf.vit.datatjen.basis,NSDBASIS,Samfunnsvitenskap,Samfunnsvitenskap - tverrfaglig,Tverr/flerfaglig samfunnsvit og andre fagområder,0.0,0.0,3800590.0,169457945.0,Ingunn Stangeby
104161,FoU-statistikk - SSB,,,,,,Andre,Ingen søknadstype,Ingen søknadstypevariant,1994,2017,Avsluttet,1994,2018,MANN,Organisasjon,STATISTISK SENTRALBYRÅ,SSB,971526920,707,08,Instituttsektor,Øvrige forskningsinstitutter,Oslo,0301,Oslo,03,Oslo og Akershus,5,Diverse FoU-relaterte aktiviteter,19,Planlegging/utredning/evaluering,Statistikk og kunnsk.grunnlag,STAB,Annet,Strategiske oppgaver,Strategiske oppgaver,0.0,0.0,18550000.0,38255900.0,Frank Foyn
104309,Kontingent IODP,,,,,,Institusjonsstøtte,Koordinerings- og støtteaktivitet,Nettverksstøtte,1994,2013,Avsluttet,1994,2019,KVINNE,Organisasjon,European Consortium for Ocean Research Drilling (ECORD),,0,800,00,Utlandet,Utland,,,,,,4,Nettverkstiltak,16,Internasjonale nettverkstiltak,Annet internasjonalt samarbeid,DIV-INT,Matematikk og naturvitenskap,Geofag,Marin geologi,0.0,0.0,42000000.0,146330842.0,Hilde Jerkø
104865,Grunnbevilgning Møreforskning (Videreføres i prosjekt 247231),,1994-01-01 00:00:00,,,,Institusjonsstøtte,Grunnbevilgninger,Grunnbevilgninger - Ingen søknadstypevariant,1994,2008,Avsluttet,1994,2014,KVINNE,Organisasjon,MØREFORSKING AS,MØREFORSK,991436502,702,34,Instituttsektor,Nasjonale samfunnsvitenskapelige institutter,Ålesund,1508,Møre og Romsdal,15,Vestlandet,3,Infrastruktur og institusjonelle tiltak,9,Basisbevilgninger,Resultatbasert grunnbevilgning - Samf.vitensk.institutter,RBGRUNSAMF,Samfunnsvitenskap,Samfunnsvitenskap - tverrfaglig,Tverr/flerfaglig innen samfunnsvitenskap,0.0,0.0,17745000.0,56556000.0,Elisabeth Maråk Støle
104866,Grunnbevilgning Nordlandsforskning (Videreføres i prosjekt 247239),,1994-01-01 00:00:00,,,,Institusjonsstøtte,Grunnbevilgninger,Grunnbevilgninger - Ingen søknadstypevariant,1994,2008,Avsluttet,1994,2014,KVINNE,Organisasjon,NORDLANDSFORSKNING AS,NFORSK,989714309,702,35,Instituttsektor,Nasjonale samfunnsvitenskapelige institutter,Bodø,1804,Nordland - Nordlánnda,18,Nord-Norge,3,Infrastruktur og institusjonelle tiltak,9,Basisbevilgninger,Resultatbasert grunnbevilgning - Samf.vitensk.institutter,RBGRUNSAMF,Samfunnsvitenskap,Samfunnsvitenskap - tverrfaglig,Tverr/flerfaglig innen samfunnsvitenskap,0.0,0.0,20740000.0,56837000.0,Iselin Marstrander
104867,Grunnbevilgning Trøndelag Forskning og Utvikling AS (Videreføres i prosjekt 247240),,1994-01-01 00:00:00,,,,Institusjonsstøtte,Grunnbevilgninger,Grunnbevilgninger - Ingen søknadstypevariant,1994,2008,Avsluttet,1994,2014,MANN,Organisasjon,TRØNDELAG FORSKNING OG UTVIKLING AS,TFOU,989229389,702,39,Instituttsektor,Nasjonale samfunnsvitenskapelige institutter,Steinkjer,5006,Trøndelag - Trööndelage,50,Trøndelag,3,Infrastruktur og institusjonelle tiltak,9,Basisbevilgninger,Resultatbasert grunnbevilgning - Samf.vitensk.institutter,RBGRUNSAMF,Samfunnsvitenskap,Samfunnsvitenskap - tverrfaglig,Tverr/flerfaglig innen samfunnsvitenskap,0.0,0.0,9300000.0,28449000.0,Øyvind Skogvold
104868,Grunnbevilgning Telemarksforskning - Bø (Videreføres i prosjekt 247241),,1994-01-01 00:00:00,,,,Institusjonsstøtte,Grunnbevilgninger,Grunnbevilgninger - Ingen søknadstypevariant,1994,2008,Avsluttet,1994,2014,MANN,Organisasjon,STIFTELSEN TELEMARKSFORSKING,TMFORSK,948639238,702,37,Instituttsektor,Nasjonale samfunnsvitenskapelige institutter,Midt-Telemark,4020,Telemark,40,Østlandet ellers,3,Infrastruktur og institusjonelle tiltak,9,Basisbevilgninger,Resultatbasert grunnbevilgning - Samf.vitensk.institutter,RBGRUNSAMF,Samfunnsvitenskap,Samfunnsvitenskap - tverrfaglig,Tverr/flerfaglig innen samfunnsvitenskap,0.0,0.0,9800000.0,36029000.0,Karl Gunnar Sanda
104869,Grunnbevilgning Vestlandsforskning (Videreføres i prosjekt 247242),,1994-01-01 00:00:00,,,,Institusjonsstøtte,Grunnbevilgninger,Grunnbevilgninger - Ingen søknadstypevariant,1994,2008,Avsluttet,1994,2014,KVINNE,Organisasjon,STIFTINGA VESTLANDSFORSKING,VESTFORSK,965919627,702,38,Instituttsektor,Nasjonale samfunnsvitenskapelige institutter,Sogndal,4640,Vestland,46,Vestlandet,3,Infrastruktur og institusjonelle tiltak,9,Basisbevilgninger,Resultatbasert grunnbevilgning - Samf.vitensk.institutter,RBGRUNSAMF,Samfunnsvitenskap,Samfunnsvitenskap - tverrfaglig,Tverr/flerfaglig innen samfunnsvitenskap,0.0,0.0,15185000.0,41485000.0,Merete Lunde
104870,Grunnbevilgning Telemarksforskning -  Notodden - avsluttes,,1994-01-01 00:00:00,,,,Institusjonsstøtte,Grunnbevilgninger,Grunnbevilgninger - Ingen søknadstypevariant,1994,2008,Avsluttet,1994,2013,MANN,Organisasjon,STIFTELSEN TELEMARKSFORSKING NOTODDEN,TMFORSK,966009012,703,09,Instituttsektor,Regionale samfunnsvitenskapelige institutter,Notodden,4005,Telemark,40,Østlandet ellers,3,Infrastruktur og institusjonelle tiltak,9,Basisbevilgninger,Resultatbasert grunnbevilgning - Samf.vitensk.institutter,RBGRUNSAMF,Samfunnsvitenskap,Samfunnsvitenskap - tverrfaglig,Tverr/flerfaglig innen samfunnsvitenskap,0.0,0.0,3546000.0,10217500.0,Øyvind Lexau
104871,Grunnbevilgning Østfoldforskning (Videreføres i prosjekt 247243),,1994-01-01 00:00:00,,,,Institusjonsstøtte,Grunnbevilgninger,Grunnbevilgninger - Ingen søknadstypevariant,1994,2008,Avsluttet,1994,2014,MANN,Organisasjon,NORSUS NORSK INSTITUTT FOR BÆREKRAFTSFORSKNING AS,NORSUS,989861751,702,36,Instituttsektor,Nasjonale samfunnsvitenskapelige institutter,Fredrikstad,3107,Østfold,31,Østlandet ellers,3,Infrastruktur og institusjonelle tiltak,9,Basisbevilgninger,Resultatbasert grunnbevilgning - Samf.vitensk.institutter,RBGRUNSAMF,Samfunnsvitenskap,Samfunnsvitenskap - tverrfaglig,Tverr/flerfaglig innen samfunnsvitenskap,0.0,0.0,19730000.0,40256000.0,Trond Edvardsen
104872,Grunnbevilgning Østlandsforskning (Videreføres i prosjekt 247244),,1994-01-01 00:00:00,,,,Institusjonsstøtte,Grunnbevilgninger,Grunnbevilgninger - Ingen søknadstypevariant,1994,2008,Avsluttet,1994,2014,MANN,Organisasjon,STIFTELSEN ØSTLANDSFORSKNING,ØSTFORSK,970157107,703,11,Instituttsektor,Regionale samfunnsvitenskapelige institutter,Lillehammer,3405,Innlandet,34,Østlandet ellers,3,Infrastruktur og institusjonelle tiltak,9,Basisbevilgninger,Resultatbasert grunnbevilgning - Samf.vitensk.institutter,RBGRUNSAMF,Samfunnsvitenskap,Samfunnsvitenskap - tverrfaglig,Tverr/flerfaglig innen samfunnsvitenskap,0.0,0.0,14999000.0,40741000.0,Tor Arnesen
104873,Grunnbevilgning IRIS (Videreføres i prosjekt 247245),,1994-01-01 00:00:00,,,,Institusjonsstøtte,Grunnbevilgninger,Grunnbevilgninger - Ingen søknadstypevariant,1994,2010,Avsluttet,1994,2014,MANN,Organisasjon,INTERNATIONAL RESEARCH INSTITUTE OF STAVANGER AS,IRIS,988944459,706,11,Instituttsektor,Teknisk-industrielle institutter,Stavanger,1103,Rogaland,11,Agder og Rogaland,3,Infrastruktur og institusjonelle tiltak,9,Basisbevilgninger,Resultatbasert grunnbevilgning - Samf.vitensk.institutter,RBGRUNSAMF,Samfunnsvitenskap,Samfunnsvitenskap - tverrfaglig,Tverr/flerfaglig innen samfunnsvitenskap,0.0,0.0,12945000.0,64075000.0,Einar Leknes
104876,Grunnbevilgning NORUT Tromsø (Videreføres i prosjekt 247246),,1994-01-01 00:00:00,,,,Institusjonsstøtte,Grunnbevilgninger,Grunnbevilgninger - Ingen søknadstypevariant,1994,2008,Avsluttet,1994,2014,MANN,Organisasjon,NORCE NORWEGIAN RESEARCH CENTRE AS AVD SAMFUNNSVITENSK FORSKN TROMSØ,NORCE,973782738,702,40,Instituttsektor,Nasjonale samfunnsvitenskapelige institutter,Tromsø,5501,Troms - Romsa - Tromssa,55,Nord-Norge,3,Infrastruktur og institusjonelle tiltak,9,Basisbevilgninger,Resultatbasert grunnbevilgning - Samf.vitensk.institutter,RBGRUNSAMF,Samfunnsvitenskap,Samfunnsvitenskap - tverrfaglig,Tverr/flerfaglig innen samfunnsvitenskap,0.0,0.0,10600000.0,35415000.0,Eirik Mikkelsen
104883,Grunnbevilgning Agderforskning (Videreføres i prosjekt 247247),,1994-01-01 00:00:00,,,,Institusjonsstøtte,Grunnbevilgninger,Grunnbevilgninger - Ingen søknadstypevariant,1994,2010,Avsluttet,1994,2014,KVINNE,Organisasjon,AGDERFORSKNING AS,AGDERFORSK,986377034,703,01,Instituttsektor,Regionale samfunnsvitenskapelige institutter,Kristiansand,4204,Agder,42,Agder og Rogaland,3,Infrastruktur og institusjonelle tiltak,9,Basisbevilgninger,Resultatbasert grunnbevilgning - Samf.vitensk.institutter,RBGRUNSAMF,Samfunnsvitenskap,Samfunnsvitenskap - tverrfaglig,Tverr/flerfaglig innen samfunnsvitenskap,0.0,0.0,14715000.0,50589000.0,Kristin Wallevik
104891,Grunnbevilgning  Norut Alta (Videreføres i prosjekt 247248),,1994-01-01 00:00:00,,,,Institusjonsstøtte,Grunnbevilgninger,Grunnbevilgninger - Ingen søknadstypevariant,1994,2008,Avsluttet,1994,2014,KVINNE,Organisasjon,NORCE NORWEGIAN RESEARCH CENTRE AS AVD ALTA,NORUT,972119911,702,40,Instituttsektor,Nasjonale samfunnsvitenskapelige institutter,Alta,5601,Finnmark - Finnmárku - Finmarkku,56,Nord-Norge,3,Infrastruktur og institusjonelle tiltak,9,Basisbevilgninger,Resultatbasert grunnbevilgning - Samf.vitensk.institutter,RBGRUNSAMF,Samfunnsvitenskap,Samfunnsvitenskap - tverrfaglig,Tverr/flerfaglig innen samfunnsvitenskap,0.0,0.0,8540000.0,24366000.0,Målfrid Baik
105034,"SCANCOR - Medlemskap
(Videreført i prosjekt 247198)",,2003-09-30 00:00:00,,,,Institusjonsstøtte,Koordinerings- og støtteaktivitet,Nettverksstøtte,1994,2010,Avsluttet,1994,2014,MANN,Organisasjon,Institutt for sosiologi og samfunnsgeografi,UIO,0,102,10,UoH-sektor,Universiteter,Oslo,0301,Oslo,03,Oslo og Akershus,4,Nettverkstiltak,16,Internasjonale nettverkstiltak,Annet internasjonalt samarbeid,DIV-INT,Samfunnsvitenskap,Samfunnsvitenskap - tverrfaglig,Tverr/flerfaglig innen samfunnsvitenskap,0.0,0.0,500000.0,3995840.0,Haldor Byrkjeflot
105055,Medlemsavgift i Luxembourg Income Study (LIS) - videreført i prosjekt 245174,,1991-06-05 00:00:00,,,,Institusjonsstøtte,Koordinerings- og støtteaktivitet,Nettverksstøtte,1992,2012,Avsluttet,1992,2014,MANN,Organisasjon,Luxembourg Income Study asbl,,0,800,00,Utlandet,Utland,,,,,,4,Nettverkstiltak,16,Internasjonale nettverkstiltak,Annet internasjonalt samarbeid,DIV-INT,Samfunnsvitenskap,Sosiologi,Sosiologi,0.0,0.0,535000.0,3034916.0,Rune Rambæk Schjølberg
105903,Grunnbevilgning - SNF (Videreføres i prosjekt 247249),,1994-01-01 00:00:00,,,,Institusjonsstøtte,Grunnbevilgninger,Grunnbevilgninger - Ingen søknadstypevariant,1994,2008,Avsluttet,1994,2014,MANN,Organisasjon,SAMFUNNS- OG NÆRINGSLIVSFORSKNING AS,SNF,984005776,702,23,Instituttsektor,Nasjonale samfunnsvitenskapelige institutter,Bergen,4601,Vestland,46,Vestlandet,3,Infrastruktur og institusjonelle tiltak,9,Basisbevilgninger,Resultatbasert grunnbevilgning - Samf.vitensk.institutter,RBGRUNSAMF,Samfunnsvitenskap,Samfunnsvitenskap - tverrfaglig,Tverr/flerfaglig innen samfunnsvitenskap,0.0,0.0,50100000.0,106967000.0,Svenn-Åge Dahl
107630,IFE-Haldenprosjektet (Videreført i prosjekt 247251),,1995-01-01 00:00:00,,,,Institusjonsstøtte,Annen institusjonsstøtte (t.o.m. 2019),Annen institusjonsstøtte (t.o.m. 2019) - Ingen søknadstypevariant,1995,2012,Avsluttet,1995,2014,MANN,Organisasjon,INSTITUTT FOR ENERGITEKNIKK STI,IFE,959432538,706,03,Instituttsektor,Teknisk-industrielle institutter,Lillestrøm,3205,Akershus,32,Oslo og Akershus,3,Infrastruktur og institusjonelle tiltak,13,Andre infrastrukturtiltak,Halden-prosjektet og andre nuk,IFEHANUK,Matematikk og naturvitenskap,Fysikk,Kjerne- og elementærpartikkelfysikk,0.0,0.0,75000000.0,622500000.0,Fridtjov Øwre
107631,Del av basisbevilgn. til IFE fom 2014. Slås sammen med prosjekt 194059 (basisbevilgn. til IFE) fom 2015. Tidl. Nukleæraktivitet på Kjeller.,,,,,,Institusjonsstøtte,Annen institusjonsstøtte (t.o.m. 2019),Annen institusjonsstøtte (t.o.m. 2019) - Ingen søknadstypevariant,1995,2012,Avsluttet,1995,2014,KVINNE,Organisasjon,INSTITUTT FOR ENERGITEKNIKK STI,IFE,959432538,706,03,Instituttsektor,Teknisk-industrielle institutter,Lillestrøm,3205,Akershus,32,Oslo og Akershus,3,Infrastruktur og institusjonelle tiltak,13,Andre infrastrukturtiltak,Halden-prosjektet og andre nuk,IFEHANUK,Matematikk og naturvitenskap,Fysikk,Kjerne- og elementærpartikkelfysikk,0.0,0.0,126000000.0,801500000.0,Eva S. Dugstad
107957,Grunnbevilgning - TØI,,,,,,Institusjonsstøtte,Grunnbevilgninger,Grunnbevilgninger - Ingen søknadstypevariant,1995,2014,Avsluttet,1995,2022,MANN,Organisasjon,TRANSPORTØKONOMISK INSTITUTT Stiftelsen Norsk senter for samferdselsforskning,TØI,959056773,705,26,Instituttsektor,Miljøinstitutter,Oslo,0301,Oslo,03,Oslo og Akershus,3,Infrastruktur og institusjonelle tiltak,9,Basisbevilgninger,Resultatbasert grunnbevilgning - Miljøinstitutter,RBGRUNMILJ,Samfunnsvitenskap,Samfunnsvitenskap - tverrfaglig,Tverr/flerfaglig innen samfunnsvitenskap,0.0,0.0,24300000.0,303800000.0,Bjørne Grimsrud
108202,Utgivelse av Forum for Development Studies,,1994-08-01 00:00:00,,,,Andre,Koordinerings- og støtteaktivitet,Publiseringsstøtte,1995,2011,Avsluttet,1995,2011,MANN,Organisasjon,NORSK UTENRIKSPOLITISK INSTITUTT,NUPI,970955992,702,22,Instituttsektor,Nasjonale samfunnsvitenskapelige institutter,Oslo,0301,Oslo,03,Oslo og Akershus,5,Diverse FoU-relaterte aktiviteter,18,Informasjon/formidling/publisering,Publisering/prosjektinform,PUBL,Samfunnsvitenskap,Samfunnsvitenskap - tverrfaglig,Tverr/flerfaglig samfunnsvit og andre fagområder,0.0,0.0,2820000.0,2775000.0,Knut Gunnar Nustad
110966,KLDRA Himdalen - Avfallslager (Videreført i prosjekt 247250),,,,,,Institusjonsstøtte,Institusjonsforankret strategisk prosjekt (t.o.m. 2018),Institusjonsforankret strategisk prosjekt (t.o.m. 2018) - Ingen søknadstypevariant,1996,2012,Avsluttet,1996,2014,MANN,Organisasjon,INSTITUTT FOR ENERGITEKNIKK STI,IFE,959432538,706,03,Instituttsektor,Teknisk-industrielle institutter,Lillestrøm,3205,Akershus,32,Oslo og Akershus,3,Infrastruktur og institusjonelle tiltak,13,Andre infrastrukturtiltak,KLDRA Himdalen - Avfallslager,HIMDALEN,Matematikk og naturvitenskap,Fysikk,Kjerne- og elementærpartikkelfysikk,0.0,0.0,3300000.0,99350000.0,Arve Ottar Holt
111043,Telleprogram for beregning av tallrikhet av vågehval i det nordøstlige Atlanterhavet,,1995-06-15 00:00:00,,,,Prosjektstøtte,Ingen søknadstype,Ingen søknadstypevariant,1996,2006,Avsluttet,1996,2013,MANN,Organisasjon,HAVFORSKNINGSINSTITUTTET,HI,971349077,701,16,Instituttsektor,Primærnæringsinstitutter,Bergen,4601,Vestland,46,Vestlandet,1,Programmer,3,Handlingsrettede programmer,Havet og kysten,HAVKYST,Landbruks- og fiskerifag,Fiskerifag,Ressursbiologi,0.0,0.0,39714000.0,63721000.0,Nils Øien
111709,De nasjonale forskningsetiske komiteer - avsluttes,,,,,,Andre,Ingen søknadstype,Ingen søknadstypevariant,1996,2012,Avsluttet,1996,2014,KVINNE,Organisasjon,DE NASJONALE FORSKNINGSETISKE KOMITEENE,,999148603,930,19,Øvrige,Øvrige andre,Oslo,0301,Oslo,03,Oslo og Akershus,7,Felleskostnader,20,Sekretariater - utgår f.o.m. 2019,Forskningsetisk arbeid,ETIKK,Humaniora,Filosofiske fag,Etikk,0.0,0.0,20505000.0,128350080.0,Torunn Ellefsen
117671,Grunnbevilgning - ISF,,1996-06-01 00:00:00,,,,Institusjonsstøtte,Grunnbevilgninger,Grunnbevilgninger - Ingen søknadstypevariant,1997,2008,Avsluttet,1997,2022,KVINNE,Organisasjon,INSTITUTT FOR SAMFUNNSFORSKNING STI,ISF,974760991,702,19,Instituttsektor,Nasjonale samfunnsvitenskapelige institutter,Oslo,0301,Oslo,03,Oslo og Akershus,3,Infrastruktur og institusjonelle tiltak,9,Basisbevilgninger,Resultatbasert grunnbevilgning - Samf.vitensk.institutter,RBGRUNSAMF,Samfunnsvitenskap,Samfunnsvitenskap - tverrfaglig,Tverr/flerfaglig innen samfunnsvitenskap,0.0,0.0,20062000.0,236545000.0,Tanja Storsul
117672,Grunnbevilgning - FAFO,,1996-03-29 00:00:00,,,,Institusjonsstøtte,Grunnbevilgninger,Grunnbevilgninger - Ingen søknadstypevariant,1997,2008,Avsluttet,1997,2022,KVINNE,Organisasjon,FORSKNINGSSTIFTELSEN FAFO,FAFO,969990695,702,27,Instituttsektor,Nasjonale samfunnsvitenskapelige institutter,Oslo,0301,Oslo,03,Oslo og Akershus,3,Infrastruktur og institusjonelle tiltak,9,Basisbevilgninger,Resultatbasert grunnbevilgning - Samf.vitensk.institutter,RBGRUNSAMF,Samfunnsvitenskap,Samfunnsvitenskap - tverrfaglig,Tverr/flerfaglig innen samfunnsvitenskap,0.0,0.0,23650000.0,320046000.0,Tone Fløtten
118181,Grunnbevilgning - PRIO,,1996-06-15 00:00:00,,,,Institusjonsstøtte,Grunnbevilgninger,Grunnbevilgninger - Ingen søknadstypevariant,1997,2008,Avsluttet,1997,2022,MANN,Organisasjon,INSTITUTT FOR FREDSFORSKNING STI,PRIO,847353732,702,18,Instituttsektor,Nasjonale samfunnsvitenskapelige institutter,Oslo,0301,Oslo,03,Oslo og Akershus,3,Infrastruktur og institusjonelle tiltak,9,Basisbevilgninger,Resultatbasert grunnbevilgning - Samf.vitensk.institutter,RBGRUNSAMF,Samfunnsvitenskap,Samfunnsvitenskap - tverrfaglig,Tverr/flerfaglig innen samfunnsvitenskap,0.0,0.0,22354000.0,327462000.0,Henrik Urdal
118184,Grunnbevilgning - FNI,,1996-06-15 00:00:00,,,,Institusjonsstøtte,Grunnbevilgninger,Grunnbevilgninger - Ingen søknadstypevariant,1997,2008,Avsluttet,1997,2022,MANN,Organisasjon,FRIDTJOF NANSEN STIFTELSEN PÅ POLHØGDA,FNI,944137238,702,16,Instituttsektor,Nasjonale samfunnsvitenskapelige institutter,Bærum,3201,Akershus,32,Oslo og Akershus,3,Infrastruktur og institusjonelle tiltak,9,Basisbevilgninger,Resultatbasert grunnbevilgning - Samf.vitensk.institutter,RBGRUNSAMF,Samfunnsvitenskap,Samfunnsvitenskap - tverrfaglig,Tverr/flerfaglig innen samfunnsvitenskap,0.0,0.0,14973000.0,172492000.0,Iver B. Neumann
118385,IIASA - norsk medlemskap,,1996-11-29 00:00:00,,,,Institusjonsstøtte,Ingen søknadstype,Ingen søknadstypevariant,1997,2018,Bevilgning,1997,2027,MANN,Organisasjon,International Institute for Applied Systems Analysis,IIASA,0,800,00,Utlandet,Utland,,,,,,0,Tilskudd,0,Tilskudd NFR,KONTINGENTER,KONTINGENTER,Samfunnsvitenskap,Samfunnsvitenskap - tverrfaglig,Tverr/flerfaglig innen samfunnsvitenskap,0.0,0.0,0.0,185679713.1,Thomas Hansteen
125263,Drift av et internasjonalt forskernettverk for fremming av tverrfaglig barneforskning,,1997-10-20 00:00:00,,,,Andre,Ingen søknadstype,Ingen søknadstypevariant,1997,2010,Avsluttet,1997,2012,MANN,Organisasjon,Childwatch International,,0,930,19,Øvrige,Øvrige andre,Oslo,0301,Oslo,03,Oslo og Akershus,1,Programmer,3,Handlingsrettede programmer,Norge - Global partner,NORGLOBAL,Samfunnsvitenskap,Samfunnsvitenskap - tverrfaglig,Tverr/flerfaglig samfunnsvit og andre fagområder,0.0,0.0,0.0,25610000.0,Jon-Kristian Johnsen
126898,Administrasjon KONSULENTBISTAND fagområder  Energidata,,1998-03-17 00:00:00,,,,Andre,Annen støtte (t.o.m. 2019),Annen støtte (t.o.m. 2019) - Ingen søknadstypevariant,1998,2009,Avsluttet,1998,2011,MANN,Organisasjon,InterEnergi AS,,981106946,602,00,Næringsliv,Næringsliv,Lørenskog,3222,Akershus,32,Oslo og Akershus,1,Programmer,4,Store programmer,Fremtidens rene energisystemer,RENERGI,Teknologi,Kjemisk teknologi,Kjemisk teknologi,0.0,0.0,0.0,10851956.0,Hans Otto Haaland
126921,Marin bioteknologi i Tromsø (MABIT),,1997-10-16 00:00:00,,,,Prosjektstøtte,Forskerprosjekt,Fornyelse,1997,2012,Avsluttet,1998,2017,KVINNE,Organisasjon,NORINNOVA AS,NORINNOVA,957915035,940,00,Øvrige,Øvrige andre,Tromsø,5501,Troms - Romsa - Tromssa,55,Nord-Norge,1,Programmer,1,Brukerstyrte innovasjonsprogrammer,Marin bioteknologi i Tromsø,MABIT,Teknologi,Teknologi - tverrfaglig,Tverr/flerfaglig innen teknologi,0.0,0.0,0.0,112500000.0,Victoria Paulsen
127143,Helseøkonomisk forskningsprogram i Oslo (HERO),,1997-11-26 00:00:00,,,,Prosjektstøtte,Ingen søknadstype,Ingen søknadstypevariant,1998,2004,Avsluttet,1998,2012,MANN,Organisasjon,Institutt for helse og samfunn,UIO,0,102,12,UoH-sektor,Universiteter,Oslo,0301,Oslo,03,Oslo og Akershus,1,Programmer,3,Handlingsrettede programmer,Helse- og omsorgstjenester,TJENESTER,Samfunnsvitenskap,Økonomi,Økonomi,4.41,7.15,16437500.0,57450000.0,Tor Iversen
127144,Program for helseøkonomi i Bergen (HEB),,1997-11-26 00:00:00,,,,Prosjektstøtte,Ingen søknadstype,Ingen søknadstypevariant,1998,2004,Avsluttet,1998,2012,MANN,Organisasjon,Uni Rokkansenteret,UNI,0,702,03,Instituttsektor,Nasjonale samfunnsvitenskapelige institutter,Bergen,4601,Vestland,46,Vestlandet,1,Programmer,3,Handlingsrettede programmer,Helse- og omsorgstjenester,TJENESTER,Samfunnsvitenskap,Økonomi,Økonomi,4.0,2.99,16237500.0,58250000.0,Oddvar M. Kaarbøe
131564,KILDEN,,1999-01-01 00:00:00,,,,Institusjonsstøtte,Ingen søknadstype,Ingen søknadstypevariant,1999,2020,Bevilgning,1999,2024,KVINNE,Organisasjon,KILDEN KJØNNSFORSKNING.NO,NFR,980385299,900,16,Offentlig sektor,Direktorater og andre,Bærum,3201,Akershus,32,Oslo og Akershus,7,Felleskostnader,20,Sekretariater - utgår f.o.m. 2019,"Oppstart, lønn, randsone etc.",KILDEN,Samfunnsvitenskap,Samfunnsvitenskap - tverrfaglig,Tverr/flerfaglig innen samfunnsvitenskap,0.0,0.0,2275000.0,111899602.75,Linda Marie Rustad
133335,Sars International Center,,1999-06-15 00:00:00,,,,Institusjonsstøtte,Grunnbevilgninger,Grunnbevilgninger - Ingen søknadstypevariant,2000,2012,Avsluttet,2000,2013,MANN,Organisasjon,Sars International Centre for Marine Molecular Biology,UIB,0,101,01,UoH-sektor,Universiteter,Bergen,4601,Vestland,46,Vestlandet,3,Infrastruktur og institusjonelle tiltak,10,Strategisk institusjonsstøtte,SARS Intenational Center,SARS,Matematikk og naturvitenskap,Matematikk/naturvitenskap - tverrfaglig,Tverr/flerfaglig innen matematikk og naturvitenskap,63.27,96.62,81400000.0,217000000.0,Daniel Chourrout
138045,ESF - Humanities,,2000-01-06 00:00:00,,,,Andre,Koordinerings- og støtteaktivitet,Nettverksstøtte,2000,2011,Avsluttet,2000,2013,KVINNE,Organisasjon,European Science Foundation,ESF,0,800,00,Utlandet,Utland,,,,,,4,Nettverkstiltak,16,Internasjonale nettverkstiltak,Annet internasjonalt samarbeid,DIV-INT,Humaniora,Humaniora - tverrfaglig,Tverr/flerfaglig innen humaniora,0.0,0.0,0.0,3527582.0,Torunn Haavardsholm
145029,CERN-assosierte komitéer (NUPECC-NUPP/ESF prog),,2001-01-09 00:00:00,,,,Institusjonsstøtte,Ingen søknadstype,Ingen søknadstypevariant,2001,2014,Avsluttet,2001,2019,MANN,Organisasjon,DET MATEMATISK-NATURVITENSKAPELIGE FAKULTET,UIO,0,102,15,UoH-sektor,Universiteter,Oslo,0301,Oslo,03,Oslo og Akershus,1,Programmer,2,Grunnforskningsprogrammer,Kjerne- og partikkelforskning,CERN,Matematikk og naturvitenskap,Fysikk,Kjerne- og elementærpartikkelfysikk,0.0,0.0,170000.0,3220840.6900000004,Alexander L. Read
145361,Avtale med Universitetsforlaget om tilskudd til tidsskrift (humaniora) (doculive 200301553),,2000-06-29 00:00:00,,,,Andre,Koordinerings- og støtteaktivitet,Publiseringsstøtte,2001,2011,Avsluttet,2001,2011,KVINNE,Organisasjon,UNIVERSITETSFORLAGET AS,,930771902,930,17,Øvrige,Øvrige andre,Oslo,0301,Oslo,03,Oslo og Akershus,5,Diverse FoU-relaterte aktiviteter,18,Informasjon/formidling/publisering,Publisering/prosjektinform,PUBL,Humaniora,Humaniora - tverrfaglig,Tverr/flerfaglig innen humaniora,0.0,0.0,9768605.0,11693858.0,Ruth Jenssen
145365,Avtale med Universitetsforlaget om tilskudd til tidsskrift (samfunnsvitenskap) (doculive 200301553),,2000-06-29 00:00:00,,,,Andre,Koordinerings- og støtteaktivitet,Publiseringsstøtte,2001,2011,Avsluttet,2001,2011,KVINNE,Organisasjon,UNIVERSITETSFORLAGET AS,,930771902,930,17,Øvrige,Øvrige andre,Oslo,0301,Oslo,03,Oslo og Akershus,5,Diverse FoU-relaterte aktiviteter,18,Informasjon/formidling/publisering,Publisering/prosjektinform,PUBL,Samfunnsvitenskap,Samfunnsvitenskap - tverrfaglig,Tverr/flerfaglig innen samfunnsvitenskap,0.0,0.0,5807972.0,6373491.0,Ruth Jenssen
145739,SIMULA-senteret,,2001-03-09 00:00:00,,,,Institusjonsstøtte,Ingen søknadstype,Ingen søknadstypevariant,2001,2017,Bevilgning,2001,2025,MANN,Organisasjon,SIMULA RESEARCH LABORATORY AS,SIMULA,984648855,707,03,Instituttsektor,Øvrige forskningsinstitutter,Oslo,0301,Oslo,03,Oslo og Akershus,0,Tilskudd,0,Tilskudd NFR,GENSTØTTE,GENSTØTTE,Matematikk og naturvitenskap,Informasjons- og kommunikasjonsvitenskap,Matem. modellering og numeriske metoder,0.0,0.0,0.0,1832206120.0,Aslak Tveito
145814,"Centre and Network for Studies of Atomic and Molecular Clusters.
(UiO,UiB,UiTø, NTNU, Norsk Hydro, SINTEF)",,2001-04-04 00:00:00,,,,Institusjonsstøtte,Forskningssenter,Vitenskapelig rettet forskningssenter,2002,2011,Vurderes,2002,2011,MANN,Organisasjon,Kjemisk institutt,UIO,0,102,15,UoH-sektor,Universiteter,Oslo,0301,Oslo,03,Oslo og Akershus,3,Infrastruktur og institusjonelle tiltak,11,SFF/SFI/FME,Sentre for fremragende forskning,SFF,Matematikk og naturvitenskap,Kjemi,Kjemi,0.0,0.0,199000000.0,0.0,
145816,BUILDINGS 2025: Integrated Building Design for a Substainable Energy Future,,2001-03-30 00:00:00,,,,Institusjonsstøtte,Forskningssenter,Vitenskapelig rettet forskningssenter,2002,2011,Vurderes,2002,2011,KVINNE,Organisasjon,"Institutt for byggekunst, prosjektering og forvaltning",NTNU,0,104,22,UoH-sektor,Universiteter,Trondheim - Tråante,5001,Trøndelag - Trööndelage,50,Trøndelag,3,Infrastruktur og institusjonelle tiltak,11,SFF/SFI/FME,Sentre for fremragende forskning,SFF,Teknologi,Bygningsfag,Bygningsfag,0.0,0.0,138500000.0,0.0,
145817,Thermodynamics and Fundamentals in Sustainable Refrigeration,,2001-03-30 00:00:00,,,,Institusjonsstøtte,Forskningssenter,Vitenskapelig rettet forskningssenter,2002,2011,Vurderes,2002,2011,MANN,Organisasjon,Fakultet for ingeniørvitenskap og teknologi,NTNU,0,104,20,UoH-sektor,Universiteter,Trondheim - Tråante,5001,Trøndelag - Trööndelage,50,Trøndelag,3,Infrastruktur og institusjonelle tiltak,11,SFF/SFI/FME,Sentre for fremragende forskning,SFF,Teknologi,Informasjons- og kommunikasjonsteknologi,Informasjons- og kommunikasjonsteknologi,0.0,0.0,139000000.0,0.0,
145819,Centre of Excellence for Research in the Man-Technology-Organization Area,,2001-03-30 00:00:00,,,,Institusjonsstøtte,Forskningssenter,Vitenskapelig rettet forskningssenter,2002,2011,Vurderes,2002,2011,MANN,Organisasjon,INSTITUTT FOR ENERGITEKNIKK STI,IFE,959432538,706,03,Instituttsektor,Teknisk-industrielle institutter,Lillestrøm,3205,Akershus,32,Oslo og Akershus,3,Infrastruktur og institusjonelle tiltak,11,SFF/SFI/FME,Sentre for fremragende forskning,SFF,Teknologi,Teknologi - tverrfaglig,Andre fellesfag - teknologi (2003),0.0,0.0,153000000.0,0.0,
145820,"Advanced materials in energy and environmental techology (SINTEF, UiO, IFE)",,2001-04-04 00:00:00,,,,Institusjonsstøtte,Forskningssenter,Vitenskapelig rettet forskningssenter,2002,2011,Vurderes,2002,2011,MANN,Organisasjon,Sintef - Oslo,SINTEF,0,702,14,Instituttsektor,Nasjonale samfunnsvitenskapelige institutter,Oslo,0301,Oslo,03,Oslo og Akershus,3,Infrastruktur og institusjonelle tiltak,11,SFF/SFI/FME,Sentre for fremragende forskning,SFF,Matematikk og naturvitenskap,Kjemi,Kjemi,0.0,0.0,184000000.0,0.0,
145822,"CombuScience - Combustion Research for a Better Environment (NTNU, SINTEF - Energi)",,2001-03-30 00:00:00,,,,Institusjonsstøtte,Forskningssenter,Vitenskapelig rettet forskningssenter,2002,2011,Vurderes,2002,2011,MANN,Organisasjon,Avdeling Energiprosesser,SINTEF,0,706,16,Instituttsektor,Teknisk-industrielle institutter,Trondheim - Tråante,5001,Trøndelag - Trööndelage,50,Trøndelag,3,Infrastruktur og institusjonelle tiltak,11,SFF/SFI/FME,Sentre for fremragende forskning,SFF,Teknologi,Elektrotekniske fag,Elektrotekniske fag,0.0,0.0,170000000.0,0.0,
145823,Process Systems Engineering - From Natural Gas to Energy Products,,2001-03-30 00:00:00,,,,Institusjonsstøtte,Forskningssenter,Vitenskapelig rettet forskningssenter,2002,2012,Vurderes,2002,2012,MANN,Organisasjon,Institutt for teknisk kybernetikk,NTNU,0,104,21,UoH-sektor,Universiteter,Trondheim - Tråante,5001,Trøndelag - Trööndelage,50,Trøndelag,3,Infrastruktur og institusjonelle tiltak,11,SFF/SFI/FME,Sentre for fremragende forskning,SFF,Teknologi,Informasjons- og kommunikasjonsteknologi,Teknisk kybernetikk,0.0,0.0,170000000.0,0.0,
145825,"Model Driven System Development - from distributed to mobile, and pervasive systems - The MODUS Centre",,2001-04-01 00:00:00,,,,Institusjonsstøtte,Forskningssenter,Vitenskapelig rettet forskningssenter,2002,2011,Vurderes,2002,2011,MANN,Organisasjon,SINTEF AVD STRINDVEGEN 4 TRONDHEIM,SINTEF,0,706,14,Instituttsektor,Teknisk-industrielle institutter,Trondheim - Tråante,5001,Trøndelag - Trööndelage,50,Trøndelag,3,Infrastruktur og institusjonelle tiltak,11,SFF/SFI/FME,Sentre for fremragende forskning,SFF,Teknologi,Informasjons- og kommunikasjonsteknologi,Informasjons- og kommunikasjonsteknologi,0.0,0.0,77000000.0,0.0,
145826,Multiphase systems,,2001-04-04 00:00:00,,,,Institusjonsstøtte,Forskningssenter,Vitenskapelig rettet forskningssenter,2002,2011,Vurderes,2002,2011,MANN,Organisasjon,DET MATEMATISK-NATURVITENSKAPELIGE FAKULTET,UIB,0,101,15,UoH-sektor,Universiteter,Bergen,4601,Vestland,46,Vestlandet,3,Infrastruktur og institusjonelle tiltak,11,SFF/SFI/FME,Sentre for fremragende forskning,SFF,Teknologi,Berg- og petroleumsfag,Berg- og petroleumsfag,0.0,0.0,168700000.0,0.0,
145827,A Centre of Excellence in Understanding the Behaviour of Particulate Materials - PARMAT,,2001-04-01 00:00:00,,,,Institusjonsstøtte,Forskningssenter,Vitenskapelig rettet forskningssenter,2002,2011,Vurderes,2002,2011,MANN,Organisasjon,STIFTELSEN TEL-TEK,TELTEK,943161895,706,15,Instituttsektor,Teknisk-industrielle institutter,Porsgrunn,4001,Telemark,40,Østlandet ellers,3,Infrastruktur og institusjonelle tiltak,11,SFF/SFI/FME,Sentre for fremragende forskning,SFF,Teknologi,Berg- og petroleumsfag,Berg- og petroleumsfag,0.0,0.0,130665000.0,0.0,
145829,Norwegian Centre for System-on-a-Chip Integration (NORSOC),,2001-04-04 00:00:00,,,,Institusjonsstøtte,Forskningssenter,Vitenskapelig rettet forskningssenter,2002,2011,Vurderes,2002,2011,MANN,Organisasjon,Institutt for elektroniske systemer,NTNU,0,104,21,UoH-sektor,Universiteter,Trondheim - Tråante,5001,Trøndelag - Trööndelage,50,Trøndelag,3,Infrastruktur og institusjonelle tiltak,11,SFF/SFI/FME,Sentre for fremragende forskning,SFF,Teknologi,Informasjons- og kommunikasjonsteknologi,Informasjons- og kommunikasjonsteknologi,0.0,0.0,213000000.0,0.0,
145830,"Centre for Societal Safety, Risk and Uncertainty Management",,2001-04-04 00:00:00,,,,Institusjonsstøtte,Forskningssenter,Vitenskapelig rettet forskningssenter,2002,2011,Vurderes,2002,2011,MANN,Organisasjon,UNIVERSITETET I STAVANGER,UIS,971564679,106,00,UoH-sektor,Universiteter,Stavanger,1103,Rogaland,11,Agder og Rogaland,3,Infrastruktur og institusjonelle tiltak,11,SFF/SFI/FME,Sentre for fremragende forskning,SFF,Teknologi,Teknologi - tverrfaglig,Andre fellesfag - teknologi (2003),0.0,0.0,100000000.0,0.0,
145831,Center for the Study of Algorithms for Efficient Computation,,2001-04-04 00:00:00,,,,Institusjonsstøtte,Forskningssenter,Vitenskapelig rettet forskningssenter,2003,2012,Vurderes,2003,2012,MANN,Organisasjon,DET MATEMATISK-NATURVITENSKAPELIGE FAKULTET,UIB,0,101,15,UoH-sektor,Universiteter,Bergen,4601,Vestland,46,Vestlandet,3,Infrastruktur og institusjonelle tiltak,11,SFF/SFI/FME,Sentre for fremragende forskning,SFF,Teknologi,Informasjons- og kommunikasjonsteknologi,Informasjons- og kommunikasjonsteknologi,0.0,0.0,108366000.0,0.0,
145832,CoE in Coding Theory and Cryptography,,2001-04-04 00:00:00,,,,Institusjonsstøtte,Forskningssenter,Vitenskapelig rettet forskningssenter,2002,2012,Vurderes,2002,2012,MANN,Organisasjon,DET MATEMATISK-NATURVITENSKAPELIGE FAKULTET,UIB,0,101,15,UoH-sektor,Universiteter,Bergen,4601,Vestland,46,Vestlandet,3,Infrastruktur og institusjonelle tiltak,11,SFF/SFI/FME,Sentre for fremragende forskning,SFF,Teknologi,Informasjons- og kommunikasjonsteknologi,Informasjons- og kommunikasjonsteknologi,0.0,0.0,103100000.0,0.0,
145833,Centre of Excellence in Measurement Science,,2001-04-04 00:00:00,,,,Institusjonsstøtte,Forskningssenter,Vitenskapelig rettet forskningssenter,2002,2011,Vurderes,2002,2011,MANN,Organisasjon,CHRISTIAN MICHELSEN RESEARCH AS,CMR,965243798,706,01,Instituttsektor,Teknisk-industrielle institutter,Bergen,4601,Vestland,46,Vestlandet,3,Infrastruktur og institusjonelle tiltak,11,SFF/SFI/FME,Sentre for fremragende forskning,SFF,Teknologi,Informasjons- og kommunikasjonsteknologi,Informasjons- og kommunikasjonsteknologi,0.0,0.0,100000000.0,0.0,
145834,"MicroTech  (SINTEF, UiO)",,2001-04-04 00:00:00,,,,Institusjonsstøtte,Forskningssenter,Vitenskapelig rettet forskningssenter,2002,2011,Vurderes,2002,2011,MANN,Organisasjon,Sintef - Oslo,SINTEF,0,702,14,Instituttsektor,Nasjonale samfunnsvitenskapelige institutter,Oslo,0301,Oslo,03,Oslo og Akershus,3,Infrastruktur og institusjonelle tiltak,11,SFF/SFI/FME,Sentre for fremragende forskning,SFF,Teknologi,Informasjons- og kommunikasjonsteknologi,Informasjons- og kommunikasjonsteknologi,0.0,0.0,200000000.0,0.0,
145835,Risk&Safety.no - Center for Advanced Studies of Risk Assessment and Safety Management  at SINTEF/NTNU,,2001-04-04 00:00:00,,,,Institusjonsstøtte,Forskningssenter,Vitenskapelig rettet forskningssenter,2002,2011,Vurderes,2002,2011,MANN,Organisasjon,SINTEF TEKNOLOGI OG SAMFUNN AVD TRONDHEIM,SINTEF,0,702,14,Instituttsektor,Nasjonale samfunnsvitenskapelige institutter,Trondheim - Tråante,5001,Trøndelag - Trööndelage,50,Trøndelag,3,Infrastruktur og institusjonelle tiltak,11,SFF/SFI/FME,Sentre for fremragende forskning,SFF,Teknologi,Teknologi - tverrfaglig,Andre fellesfag - teknologi (2003),0.0,0.0,71000000.0,0.0,
145939,"The Trondheim Plankton & technology Centre of Excellence (SFF), TROPLATE",,2001-04-04 00:00:00,,,,Institusjonsstøtte,Forskningssenter,Vitenskapelig rettet forskningssenter,2002,2011,Vurderes,2002,2011,MANN,Organisasjon,NORGES TEKNISK-NATURVITENSKAPELIGE UNIVERSITET NTNU,NTNU,974767880,104,00,UoH-sektor,Universiteter,Trondheim - Tråante,5001,Trøndelag - Trööndelage,50,Trøndelag,3,Infrastruktur og institusjonelle tiltak,11,SFF/SFI/FME,Sentre for fremragende forskning,SFF,Landbruks- og fiskerifag,Fiskerifag,Fiskerifag,0.0,0.0,153000000.0,0.0,
145940,Marine Pelagig Food Web Centre,,2002-01-11 00:00:00,,,,Institusjonsstøtte,Forskningssenter,Vitenskapelig rettet forskningssenter,2002,2012,Vurderes,2002,2012,MANN,Organisasjon,UNIVERSITETET I BERGEN,UIB,874789542,101,00,UoH-sektor,Universiteter,Bergen,4601,Vestland,46,Vestlandet,3,Infrastruktur og institusjonelle tiltak,11,SFF/SFI/FME,Sentre for fremragende forskning,SFF,Landbruks- og fiskerifag,Fiskerifag,Fiskerifag,0.0,0.0,186000000.0,0.0,
145941,Centre of Excellence in Bioeconomic Research,,2002-01-08 00:00:00,,,,Institusjonsstøtte,Forskningssenter,Vitenskapelig rettet forskningssenter,2002,2012,Vurderes,2002,2012,MANN,Organisasjon,SAMFUNNS- OG NÆRINGSLIVSFORSKNING AS,SNF,984005776,702,23,Instituttsektor,Nasjonale samfunnsvitenskapelige institutter,Bergen,4601,Vestland,46,Vestlandet,3,Infrastruktur og institusjonelle tiltak,11,SFF/SFI/FME,Sentre for fremragende forskning,SFF,Landbruks- og fiskerifag,Landbruksfag,Landbruksfag,0.0,0.0,100000000.0,0.0,
145942,"Reproduction, Early Development and Health of Fish - Environmental  Control, Molecular and Endocrine Mechanisms",,2001-04-04 00:00:00,,,,Institusjonsstøtte,Forskningssenter,Vitenskapelig rettet forskningssenter,2002,2011,Vurderes,2002,2011,MANN,Organisasjon,HAVFORSKNINGSINSTITUTTET,HI,971349077,701,16,Instituttsektor,Primærnæringsinstitutter,Bergen,4601,Vestland,46,Vestlandet,3,Infrastruktur og institusjonelle tiltak,11,SFF/SFI/FME,Sentre for fremragende forskning,SFF,Landbruks- og fiskerifag,Fiskerifag,Fiskerifag,0.0,0.0,200000000.0,0.0,
145943,Census Of Living Marine Resources - COE,,2001-04-04 00:00:00,,,,Institusjonsstøtte,Forskningssenter,Vitenskapelig rettet forskningssenter,2002,2011,Vurderes,2002,2011,MANN,Organisasjon,HAVFORSKNINGSINSTITUTTET,HI,971349077,701,16,Instituttsektor,Primærnæringsinstitutter,Bergen,4601,Vestland,46,Vestlandet,3,Infrastruktur og institusjonelle tiltak,11,SFF/SFI/FME,Sentre for fremragende forskning,SFF,Landbruks- og fiskerifag,Fiskerifag,Fiskerifag,0.0,0.0,200000000.0,0.0,
145946,The Marine BioCentre in Tromsø (MABCENT),,2001-04-04 00:00:00,,,,Institusjonsstøtte,Forskningssenter,Vitenskapelig rettet forskningssenter,2002,2011,Vurderes,2002,2011,MANN,Organisasjon,UNIVERSITETET I TROMSØ - NORGES ARKTISKE UNIVERSITET,UIT,970422528,103,00,UoH-sektor,Universiteter,Tromsø,5501,Troms - Romsa - Tromssa,55,Nord-Norge,3,Infrastruktur og institusjonelle tiltak,11,SFF/SFI/FME,Sentre for fremragende forskning,SFF,Landbruks- og fiskerifag,Fiskerifag,Fiskerifag,0.0,0.0,158000000.0,0.0,
145947,Centre for Integrative Genetics (CIGENE),,2001-04-04 00:00:00,,,,Institusjonsstøtte,Forskningssenter,Vitenskapelig rettet forskningssenter,2002,2011,Vurderes,2002,2011,MANN,Organisasjon,NORGES MILJØ- OG BIOVITENSKAPELIGE UNIVERSITET (NMBU),NMBU,969159570,105,00,UoH-sektor,Universiteter,Ås,3218,Akershus,32,Oslo og Akershus,3,Infrastruktur og institusjonelle tiltak,11,SFF/SFI/FME,Sentre for fremragende forskning,SFF,Teknologi,Bioteknologi,Bioteknologi,0.0,0.0,161100000.0,0.0,
145948,Cereal Genomics with Relevance to Nordic Climate,,2001-04-04 00:00:00,,,,Institusjonsstøtte,Forskningssenter,Vitenskapelig rettet forskningssenter,2002,2011,Vurderes,2002,2011,MANN,Organisasjon,NORGES MILJØ- OG BIOVITENSKAPELIGE UNIVERSITET (NMBU),NMBU,969159570,105,00,UoH-sektor,Universiteter,Ås,3218,Akershus,32,Oslo og Akershus,3,Infrastruktur og institusjonelle tiltak,11,SFF/SFI/FME,Sentre for fremragende forskning,SFF,Teknologi,Bioteknologi,Bioteknologi,0.0,0.0,114000000.0,0.0,
145949,"Aquaculture Protein Centre, APC/Senter for proteinforskning i akvakultur",,2002-01-11 00:00:00,,,,Institusjonsstøtte,Forskningssenter,Vitenskapelig rettet forskningssenter,2002,2012,Avsluttet,2002,2014,KVINNE,Organisasjon,NORGES MILJØ- OG BIOVITENSKAPELIGE UNIVERSITET (NMBU),NMBU,969159570,105,00,UoH-sektor,Universiteter,Ås,3218,Akershus,32,Oslo og Akershus,3,Infrastruktur og institusjonelle tiltak,11,SFF/SFI/FME,Sentre for fremragende forskning,SFF,Landbruks- og fiskerifag,Fiskerifag,Fiskerifag,62.73,19.88,150000000.0,100000000.0,Margareth Øverland
145951,Centre for Microbial Biotechnology,,2002-01-11 00:00:00,,,,Institusjonsstøtte,Forskningssenter,Vitenskapelig rettet forskningssenter,2002,2011,Vurderes,2002,2011,MANN,Organisasjon,NORGES MILJØ- OG BIOVITENSKAPELIGE UNIVERSITET (NMBU),NMBU,969159570,105,00,UoH-sektor,Universiteter,Ås,3218,Akershus,32,Oslo og Akershus,3,Infrastruktur og institusjonelle tiltak,11,SFF/SFI/FME,Sentre for fremragende forskning,SFF,Teknologi,Bioteknologi,Bioteknologi,0.0,0.0,154400000.0,0.0,
145955,FOQ - Fish Quality Center,,2001-04-04 00:00:00,,,,Institusjonsstøtte,Forskningssenter,Vitenskapelig rettet forskningssenter,2002,2011,Vurderes,2002,2011,MANN,Organisasjon,NASJONALT INSTITUTT FOR ERNÆRINGS- OG SJØMATFORSKNING (NIFES),NIFES,979529783,701,17,Instituttsektor,Primærnæringsinstitutter,Bergen,4601,Vestland,46,Vestlandet,3,Infrastruktur og institusjonelle tiltak,11,SFF/SFI/FME,Sentre for fremragende forskning,SFF,Teknologi,Næringsmiddelteknologi,Næringsmiddelteknologi,0.0,0.0,225000000.0,0.0,
145957,Fish Nutrition Centre - FNC,,2001-04-04 00:00:00,,,,Institusjonsstøtte,Forskningssenter,Vitenskapelig rettet forskningssenter,2002,2011,Vurderes,2002,2011,MANN,Organisasjon,NASJONALT INSTITUTT FOR ERNÆRINGS- OG SJØMATFORSKNING (NIFES),NIFES,979529783,701,17,Instituttsektor,Primærnæringsinstitutter,Bergen,4601,Vestland,46,Vestlandet,3,Infrastruktur og institusjonelle tiltak,11,SFF/SFI/FME,Sentre for fremragende forskning,SFF,Teknologi,Næringsmiddelteknologi,Næringsmiddelteknologi,0.0,0.0,70000000.0,0.0,
145958,Centre for Cancer Cell Research,,2002-01-11 00:00:00,,,,Institusjonsstøtte,Forskningssenter,Vitenskapelig rettet forskningssenter,2002,2011,Vurderes,2002,2011,MANN,Organisasjon,RADFORSK INVESTERINGSSTIFTELSE,RH,952715704,930,19,Øvrige,Øvrige andre,Oslo,0301,Oslo,03,Oslo og Akershus,3,Infrastruktur og institusjonelle tiltak,11,SFF/SFI/FME,Sentre for fremragende forskning,SFF,Medisin og helsefag,"Basale medisinske, odont. og veterinærmed. fag",Medisinsk biokjemi,0.0,0.0,5300000.0,0.0,
145960,Center for the study of mental health,,2001-04-04 00:00:00,,,,Institusjonsstøtte,Forskningssenter,Vitenskapelig rettet forskningssenter,2002,2011,Vurderes,2002,2011,MANN,Organisasjon,Psykologisk institutt,UIO,0,102,10,UoH-sektor,Universiteter,Oslo,0301,Oslo,03,Oslo og Akershus,3,Infrastruktur og institusjonelle tiltak,11,SFF/SFI/FME,Sentre for fremragende forskning,SFF,Samfunnsvitenskap,Psykologi,Psykologi,0.0,0.0,14500000.0,0.0,
145961,Center of Research on Human Cognition,,2001-04-04 00:00:00,,,,Institusjonsstøtte,Forskningssenter,Vitenskapelig rettet forskningssenter,2002,2011,Vurderes,2002,2011,MANN,Organisasjon,Psykologisk institutt,UIO,0,102,10,UoH-sektor,Universiteter,Oslo,0301,Oslo,03,Oslo og Akershus,3,Infrastruktur og institusjonelle tiltak,11,SFF/SFI/FME,Sentre for fremragende forskning,SFF,Samfunnsvitenskap,Psykologi,Kognitiv psykologi,0.0,0.0,19300000.0,0.0,
145963,"Centre of Molecular Biology
(se adm. notat)",,2001-04-04 00:00:00,,,,Institusjonsstøtte,Forskningssenter,Vitenskapelig rettet forskningssenter,2002,2011,Vurderes,2002,2011,MANN,Organisasjon,Rikshospitalet,OUS,0,501,10,Helseforetak,Helse Sør-Øst RHF,Oslo,0301,Oslo,03,Oslo og Akershus,3,Infrastruktur og institusjonelle tiltak,11,SFF/SFI/FME,Sentre for fremragende forskning,SFF,Medisin og helsefag,"Basale medisinske, odont. og veterinærmed. fag",Medisinsk molekylærbiologi,0.0,0.0,22000000.0,0.0,
145965,Centre of Mycobacteriology - New strategies for prevention of tuberculosis,,2001-04-04 00:00:00,,,,Institusjonsstøtte,Forskningssenter,Vitenskapelig rettet forskningssenter,2002,2011,Vurderes,2002,2011,MANN,Organisasjon,FOLKEHELSEINSTITUTTET,FHI,983744516,707,32,Instituttsektor,Øvrige forskningsinstitutter,Oslo,0301,Oslo,03,Oslo og Akershus,3,Infrastruktur og institusjonelle tiltak,11,SFF/SFI/FME,Sentre for fremragende forskning,SFF,Medisin og helsefag,"Basale medisinske, odont. og veterinærmed. fag",Medisinsk mikrobiologi,0.0,0.0,12350000.0,0.0,
145966,Centre of Excellence for vaccinology and immunotherapy (CEVI),,2002-01-11 00:00:00,,,,Institusjonsstøtte,Forskningssenter,Vitenskapelig rettet forskningssenter,2002,2011,Vurderes,2002,2011,MANN,Organisasjon,"Laboratoriemedisin RH/DNR, Instituttgruppe for",UIO,0,102,12,UoH-sektor,Universiteter,Oslo,0301,Oslo,03,Oslo og Akershus,3,Infrastruktur og institusjonelle tiltak,11,SFF/SFI/FME,Sentre for fremragende forskning,SFF,Medisin og helsefag,"Basale medisinske, odont. og veterinærmed. fag",Medisinsk immunologi,0.0,0.0,14100000.0,0.0,
145967,"The Center of Neuroscience
(se adm.notat)",,2001-04-04 00:00:00,,,,Institusjonsstøtte,Forskningssenter,Vitenskapelig rettet forskningssenter,2002,2011,Vurderes,2002,2011,MANN,Organisasjon,DET MEDISINSKE FAKULTET,UIO,0,102,12,UoH-sektor,Universiteter,Oslo,0301,Oslo,03,Oslo og Akershus,3,Infrastruktur og institusjonelle tiltak,11,SFF/SFI/FME,Sentre for fremragende forskning,SFF,Medisin og helsefag,"Basale medisinske, odont. og veterinærmed. fag",Anatomi fysisk antropolgi,0.0,0.0,20100000.0,0.0,
145969,SETUP: The Centre for Study of Energy Depositions and Transport in the Upper Atmospher,,2001-04-04 00:00:00,,,,Institusjonsstøtte,Forskningssenter,Vitenskapelig rettet forskningssenter,2002,2012,Vurderes,2002,2012,MANN,Organisasjon,FAKULTET FOR NATURVITENSKAP OG TEKNOLOGI,UIT,0,103,15,UoH-sektor,Universiteter,Tromsø,5501,Troms - Romsa - Tromssa,55,Nord-Norge,3,Infrastruktur og institusjonelle tiltak,11,SFF/SFI/FME,Sentre for fremragende forskning,SFF,Matematikk og naturvitenskap,Fysikk,"Astrofysikk, astronomi",0.0,0.0,129100000.0,0.0,
145972,Advanced Oxide Materials,,2001-04-04 00:00:00,,,,Institusjonsstøtte,Forskningssenter,Vitenskapelig rettet forskningssenter,2002,2011,Vurderes,2002,2011,MANN,Organisasjon,DET MATEMATISK-NATURVITENSKAPELIGE FAKULTET,UIO,0,102,15,UoH-sektor,Universiteter,Oslo,0301,Oslo,03,Oslo og Akershus,3,Infrastruktur og institusjonelle tiltak,11,SFF/SFI/FME,Sentre for fremragende forskning,SFF,Teknologi,Materialteknologi,Materialteknologi,0.0,0.0,195660000.0,0.0,
145974,Light Metals Technology,,2001-04-04 00:00:00,,,,Institusjonsstøtte,Forskningssenter,Vitenskapelig rettet forskningssenter,2002,2012,Vurderes,2002,2012,MANN,Organisasjon,Institutt for materialteknologi,NTNU,0,104,15,UoH-sektor,Universiteter,Trondheim - Tråante,5001,Trøndelag - Trööndelage,50,Trøndelag,3,Infrastruktur og institusjonelle tiltak,11,SFF/SFI/FME,Sentre for fremragende forskning,SFF,Teknologi,Materialteknologi,Materialteknologi,0.0,0.0,189346000.0,0.0,
145975,Centre for Energy and Environmental Economics (CEEE),,2001-04-04 00:00:00,,,,Institusjonsstøtte,Forskningssenter,Vitenskapelig rettet forskningssenter,2002,2011,Vurderes,2002,2011,MANN,Organisasjon,STATISTISK SENTRALBYRÅ,SSB,971526920,707,08,Instituttsektor,Øvrige forskningsinstitutter,Oslo,0301,Oslo,03,Oslo og Akershus,3,Infrastruktur og institusjonelle tiltak,11,SFF/SFI/FME,Sentre for fremragende forskning,SFF,Samfunnsvitenskap,Økonomi,Miljø og ressursøkonomi (2003),0.0,0.0,97000000.0,0.0,
145976,Centre for Cellular Signalling in Health and Disease,,2002-01-11 00:00:00,,,,Institusjonsstøtte,Forskningssenter,Vitenskapelig rettet forskningssenter,2002,2011,Vurderes,2002,2011,MANN,Organisasjon,Institutt for medisinske basalfag,UIO,0,102,12,UoH-sektor,Universiteter,Oslo,0301,Oslo,03,Oslo og Akershus,3,Infrastruktur og institusjonelle tiltak,11,SFF/SFI/FME,Sentre for fremragende forskning,SFF,Medisin og helsefag,"Basale medisinske, odont. og veterinærmed. fag",Medisinsk biokjemi,0.0,0.0,19996000.0,0.0,
145977,"Center of Molecular Biology and Neuroscience, CMBN/Senter for molekylærbiologi og nevrovitenskap",,2002-01-11 00:00:00,,,,Institusjonsstøtte,Forskningssenter,Vitenskapelig rettet forskningssenter,2002,2012,Avsluttet,2002,2013,KVINNE,Organisasjon,UNIVERSITETET I OSLO,UIO,971035854,102,00,UoH-sektor,Universiteter,Oslo,0301,Oslo,03,Oslo og Akershus,3,Infrastruktur og institusjonelle tiltak,11,SFF/SFI/FME,Sentre for fremragende forskning,SFF,Medisin og helsefag,"Basale medisinske, odont. og veterinærmed. fag",Medisinsk molekylærbiologi,74.57,48.6,263894000.0,210000000.0,Tone Tønjum
145978,Center of Molecular Cancer Research,,2002-01-11 00:00:00,,,,Institusjonsstøtte,Forskningssenter,Vitenskapelig rettet forskningssenter,2002,2011,Vurderes,2002,2011,KVINNE,Organisasjon,Rikshospitalet,OUS,0,501,10,Helseforetak,Helse Sør-Øst RHF,Oslo,0301,Oslo,03,Oslo og Akershus,3,Infrastruktur og institusjonelle tiltak,11,SFF/SFI/FME,Sentre for fremragende forskning,SFF,Medisin og helsefag,"Basale medisinske, odont. og veterinærmed. fag",Medisinsk molekylærbiologi,0.0,0.0,4750000.0,0.0,
145980,Norwegian Center of Excellence for Energy and Environmental Research (NCEEER),,2001-04-04 00:00:00,,,,Institusjonsstøtte,Forskningssenter,Vitenskapelig rettet forskningssenter,2002,2011,Vurderes,2002,2011,MANN,Organisasjon,SAMFUNNS- OG NÆRINGSLIVSFORSKNING AS,SNF,984005776,702,23,Instituttsektor,Nasjonale samfunnsvitenskapelige institutter,Bergen,4601,Vestland,46,Vestlandet,3,Infrastruktur og institusjonelle tiltak,11,SFF/SFI/FME,Sentre for fremragende forskning,SFF,Samfunnsvitenskap,Økonomi,Miljø og ressursøkonomi (2003),0.0,0.0,113500000.0,0.0,
145982,Centre of Excellence in International Health Research,,2001-04-04 00:00:00,,,,Institusjonsstøtte,Forskningssenter,Vitenskapelig rettet forskningssenter,2002,2011,Vurderes,2002,2011,MANN,Organisasjon,DET MEDISINSKE FAKULTET,UIB,0,101,12,UoH-sektor,Universiteter,Bergen,4601,Vestland,46,Vestlandet,3,Infrastruktur og institusjonelle tiltak,11,SFF/SFI/FME,Sentre for fremragende forskning,SFF,Medisin og helsefag,"Basale medisinske, odont. og veterinærmed. fag",Medisinsk mikrobiologi,0.0,0.0,9000000.0,0.0,
145983,Centre of Excellence for Land-Coastal Ocean Interaction Studies (CELOISE),,2001-04-04 00:00:00,,,,Institusjonsstøtte,Forskningssenter,Vitenskapelig rettet forskningssenter,2002,2011,Vurderes,2002,2011,MANN,Organisasjon,STIFTELSEN NILU,NILU,941705561,705,05,Instituttsektor,Miljøinstitutter,Lillestrøm,3205,Akershus,32,Oslo og Akershus,3,Infrastruktur og institusjonelle tiltak,11,SFF/SFI/FME,Sentre for fremragende forskning,SFF,Matematikk og naturvitenskap,Matematikk/naturvitenskap - tverrfaglig,Tverr/flerfaglig mat.nat og andre fagområder,0.0,0.0,164300000.0,0.0,
145984,"CoE in Health complaints, illness and disease",,2001-04-04 00:00:00,,,,Institusjonsstøtte,Forskningssenter,Vitenskapelig rettet forskningssenter,2002,2011,Vurderes,2002,2011,MANN,Organisasjon,UNIVERSITETET I BERGEN,UIB,874789542,101,00,UoH-sektor,Universiteter,Bergen,4601,Vestland,46,Vestlandet,3,Infrastruktur og institusjonelle tiltak,11,SFF/SFI/FME,Sentre for fremragende forskning,SFF,Samfunnsvitenskap,Psykologi,Kognitiv psykologi,0.0,0.0,8100000.0,0.0,
145985,Center for Translational Cancer Research,,2001-04-04 00:00:00,,,,Institusjonsstøtte,Forskningssenter,Vitenskapelig rettet forskningssenter,2002,2011,Vurderes,2002,2011,MANN,Organisasjon,UNIVERSITETET I BERGEN,UIB,874789542,101,00,UoH-sektor,Universiteter,Bergen,4601,Vestland,46,Vestlandet,3,Infrastruktur og institusjonelle tiltak,11,SFF/SFI/FME,Sentre for fremragende forskning,SFF,Medisin og helsefag,"Basale medisinske, odont. og veterinærmed. fag",Medisinsk molekylærbiologi,0.0,0.0,13600000.0,0.0,
145986,"Centre for Registry Based Genetic Epidemiology, The  Medical Birth Registry of Norway",,2001-04-04 00:00:00,,,,Institusjonsstøtte,Forskningssenter,Vitenskapelig rettet forskningssenter,2002,2011,Vurderes,2002,2011,MANN,Organisasjon,UNIVERSITETET I BERGEN,UIB,874789542,101,00,UoH-sektor,Universiteter,Bergen,4601,Vestland,46,Vestlandet,3,Infrastruktur og institusjonelle tiltak,11,SFF/SFI/FME,Sentre for fremragende forskning,SFF,Medisin og helsefag,Helsefag,"Epidemiolog, med./odont. stat.",0.0,0.0,15200000.0,0.0,
145987,The University of Bergen Mental Health Research Center,,2002-01-11 00:00:00,,,,Institusjonsstøtte,Forskningssenter,Vitenskapelig rettet forskningssenter,2002,2011,Vurderes,2002,2011,MANN,Organisasjon,UNIVERSITETET I BERGEN,UIB,874789542,101,00,UoH-sektor,Universiteter,Bergen,4601,Vestland,46,Vestlandet,3,Infrastruktur og institusjonelle tiltak,11,SFF/SFI/FME,Sentre for fremragende forskning,SFF,Medisin og helsefag,"Basale medisinske, odont. og veterinærmed. fag","Basale med., odont. og veterinærmed. fag",0.0,0.0,4850000.0,0.0,
145989,MR and Ultrasound for Improved Patient Care,,2002-01-11 00:00:00,,,,Institusjonsstøtte,Forskningssenter,Vitenskapelig rettet forskningssenter,2002,2011,Vurderes,2002,2011,MANN,Organisasjon,Det medisinske fakultet,NTNU,0,104,12,UoH-sektor,Universiteter,Trondheim - Tråante,5001,Trøndelag - Trööndelage,50,Trøndelag,3,Infrastruktur og institusjonelle tiltak,11,SFF/SFI/FME,Sentre for fremragende forskning,SFF,Teknologi,Informasjons- og kommunikasjonsteknologi,Informasjons- og kommunikasjonsteknologi,0.0,0.0,5000000.0,0.0,
145990,Centre for integrated cancer research (CICR),,2001-04-04 00:00:00,,,,Institusjonsstøtte,Forskningssenter,Vitenskapelig rettet forskningssenter,2002,2011,Vurderes,2002,2011,MANN,Organisasjon,Det medisinske fakultet,NTNU,0,104,12,UoH-sektor,Universiteter,Trondheim - Tråante,5001,Trøndelag - Trööndelage,50,Trøndelag,3,Infrastruktur og institusjonelle tiltak,11,SFF/SFI/FME,Sentre for fremragende forskning,SFF,Medisin og helsefag,"Basale medisinske, odont. og veterinærmed. fag",Medisinsk molekylærbiologi,0.0,0.0,19900000.0,0.0,
145991,The Trondheim Neuroendocrine Tumour Group,,2001-04-04 00:00:00,,,,Institusjonsstøtte,Forskningssenter,Vitenskapelig rettet forskningssenter,2002,2011,Vurderes,2002,2011,MANN,Organisasjon,Det medisinske fakultet,NTNU,0,104,12,UoH-sektor,Universiteter,Trondheim - Tråante,5001,Trøndelag - Trööndelage,50,Trøndelag,3,Infrastruktur og institusjonelle tiltak,11,SFF/SFI/FME,Sentre for fremragende forskning,SFF,Medisin og helsefag,"Basale medisinske, odont. og veterinærmed. fag",Human og veterinærmed. fysiologi,0.0,0.0,9000000.0,0.0,
145992,Centre for the Study of Sustainable Development Policy (CSSDP),,2001-04-04 00:00:00,,,,Institusjonsstøtte,Forskningssenter,Vitenskapelig rettet forskningssenter,2002,2011,Vurderes,2002,2011,MANN,Organisasjon,Senter for utvikling og miljø (SUM),UIO,0,102,01,UoH-sektor,Universiteter,Oslo,0301,Oslo,03,Oslo og Akershus,3,Infrastruktur og institusjonelle tiltak,11,SFF/SFI/FME,Sentre for fremragende forskning,SFF,Samfunnsvitenskap,Samfunnsvitenskap - tverrfaglig,Tverr/flerfaglig innen samfunnsvitenskap,0.0,0.0,142200000.0,0.0,
145993,"Centre for the Biology of Memory, CBM/ Senter for hukommelsesbiologi",,2002-01-11 00:00:00,,,,Institusjonsstøtte,Forskningssenter,Vitenskapelig rettet forskningssenter,2002,2012,Avsluttet,2002,2013,MANN,Organisasjon,NORGES TEKNISK-NATURVITENSKAPELIGE UNIVERSITET NTNU,NTNU,974767880,104,00,UoH-sektor,Universiteter,Trondheim - Tråante,5001,Trøndelag - Trööndelage,50,Trøndelag,3,Infrastruktur og institusjonelle tiltak,11,SFF/SFI/FME,Sentre for fremragende forskning,SFF,Samfunnsvitenskap,Psykologi,Biologisk psykologi,22.36,28.71,114500000.0,96500000.0,Edvard Ingjald Moser
145994,Establishing a bioinformatics unit - a motor for pharmacogenomic and functional genomics research,,2001-04-04 00:00:00,,,,Institusjonsstøtte,Forskningssenter,Vitenskapelig rettet forskningssenter,2002,2011,Vurderes,2002,2011,MANN,Organisasjon,DET MEDISINSKE FAKULTET,UIO,0,102,12,UoH-sektor,Universiteter,Oslo,0301,Oslo,03,Oslo og Akershus,3,Infrastruktur og institusjonelle tiltak,11,SFF/SFI/FME,Sentre for fremragende forskning,SFF,Medisin og helsefag,"Basale medisinske, odont. og veterinærmed. fag",Diverse medisin/helse (2003),0.0,0.0,0.0,0.0,
145995,Effects of long-term low-level exposures of xenobiotic in marine food webs,,2001-04-04 00:00:00,,,,Institusjonsstøtte,Forskningssenter,Vitenskapelig rettet forskningssenter,2002,2011,Vurderes,2002,2011,MANN,Organisasjon,INTERNATIONAL RESEARCH INSTITUTE OF STAVANGER AS,IRIS,988944459,706,11,Instituttsektor,Teknisk-industrielle institutter,Stavanger,1103,Rogaland,11,Agder og Rogaland,3,Infrastruktur og institusjonelle tiltak,11,SFF/SFI/FME,Sentre for fremragende forskning,SFF,Matematikk og naturvitenskap,Matematikk/naturvitenskap - tverrfaglig,Tverr/flerfaglig innen matematikk og naturvitenskap,0.0,0.0,165000000.0,0.0,
145997,Centre for environmental impact assessments of trace metals and radionuclides,,2001-04-04 00:00:00,,,,Institusjonsstøtte,Forskningssenter,Vitenskapelig rettet forskningssenter,2002,2011,Vurderes,2002,2011,KVINNE,Organisasjon,NORGES MILJØ- OG BIOVITENSKAPELIGE UNIVERSITET (NMBU),NMBU,969159570,105,00,UoH-sektor,Universiteter,Ås,3218,Akershus,32,Oslo og Akershus,3,Infrastruktur og institusjonelle tiltak,11,SFF/SFI/FME,Sentre for fremragende forskning,SFF,Matematikk og naturvitenskap,Matematikk/naturvitenskap - tverrfaglig,Tverr/flerfaglig mat.nat og andre fagområder,0.0,0.0,176500000.0,0.0,
145998,SARVVIS - Arctic Research Centre on Reindeer Husbandry and Resource Management,,2001-04-04 00:00:00,,,,Institusjonsstøtte,Forskningssenter,Vitenskapelig rettet forskningssenter,2002,2011,Vurderes,2002,2011,MANN,Organisasjon,UNIVERSITETET I TROMSØ - NORGES ARKTISKE UNIVERSITET,UIT,970422528,103,00,UoH-sektor,Universiteter,Tromsø,5501,Troms - Romsa - Tromssa,55,Nord-Norge,3,Infrastruktur og institusjonelle tiltak,11,SFF/SFI/FME,Sentre for fremragende forskning,SFF,Landbruks- og fiskerifag,Landbruksfag,Landbruksfag,0.0,0.0,150800000.0,0.0,
145999,CoE in Isolation and characterization of bio-active peptides,,2001-04-04 00:00:00,,,,Institusjonsstøtte,Forskningssenter,Vitenskapelig rettet forskningssenter,2002,2011,Vurderes,2002,2011,MANN,Organisasjon,Pediatrisk forskningsinstitutt,UIO,0,501,10,Helseforetak,Helse Sør-Øst RHF,Oslo,0301,Oslo,03,Oslo og Akershus,3,Infrastruktur og institusjonelle tiltak,11,SFF/SFI/FME,Sentre for fremragende forskning,SFF,Medisin og helsefag,"Basale medisinske, odont. og veterinærmed. fag",Medisinsk biokjemi,0.0,0.0,0.0,0.0,
146002,CEWICOM - Center for Wireless Communications,,2001-04-04 00:00:00,,,,Institusjonsstøtte,Forskningssenter,Vitenskapelig rettet forskningssenter,2002,2011,Vurderes,2002,2011,MANN,Organisasjon,Universitetssenteret på Kjeller,UNIK,0,930,19,Øvrige,Øvrige andre,Lillestrøm,3205,Akershus,32,Oslo og Akershus,3,Infrastruktur og institusjonelle tiltak,11,SFF/SFI/FME,Sentre for fremragende forskning,SFF,Teknologi,Informasjons- og kommunikasjonsteknologi,Informasjons- og kommunikasjonsteknologi,0.0,0.0,182500000.0,0.0,
146003,"Bjerknes Center for Climate Research, BCCR/Bjerknessenteret",,2001-04-04 00:00:00,,,,Institusjonsstøtte,Forskningssenter,Vitenskapelig rettet forskningssenter,2002,2012,Avsluttet,2003,2013,MANN,Organisasjon,UNI KLIMA,UNI,0,705,27,Instituttsektor,Miljøinstitutter,Bergen,4601,Vestland,46,Vestlandet,3,Infrastruktur og institusjonelle tiltak,11,SFF/SFI/FME,Sentre for fremragende forskning,SFF,Matematikk og naturvitenskap,Geofag,Geofag,87.1,45.12,239000000.0,173500000.0,Eystein Jansen
146004,Centre for Conservation Biology,,2002-01-11 00:00:00,,,,Institusjonsstøtte,Forskningssenter,Vitenskapelig rettet forskningssenter,2002,2011,Vurderes,2002,2011,MANN,Organisasjon,Institutt for biologi,NTNU,0,104,15,UoH-sektor,Universiteter,Trondheim - Tråante,5001,Trøndelag - Trööndelage,50,Trøndelag,3,Infrastruktur og institusjonelle tiltak,11,SFF/SFI/FME,Sentre for fremragende forskning,SFF,Matematikk og naturvitenskap,Basale biofag,Basale biofag,0.0,0.0,18400000.0,0.0,
146005,"Center for Quantifiable Quality of Service in Communication Systems, Q2S/Senter for kvantiserbar tjenestekvalitet i kommunikasjonssystemer",,2001-04-04 00:00:00,,,,Institusjonsstøtte,Forskningssenter,Vitenskapelig rettet forskningssenter,2002,2012,Avsluttet,2002,2013,MANN,Organisasjon,NORGES TEKNISK-NATURVITENSKAPELIGE UNIVERSITET NTNU,NTNU,974767880,104,00,UoH-sektor,Universiteter,Trondheim - Tråante,5001,Trøndelag - Trööndelage,50,Trøndelag,3,Infrastruktur og institusjonelle tiltak,11,SFF/SFI/FME,Sentre for fremragende forskning,SFF,Teknologi,Informasjons- og kommunikasjonsteknologi,Informasjons- og kommunikasjonsteknologi,146.56,47.73,181000000.0,120000000.0,Svein Johan Knapskog
146006,Centre for Integrated Fluid Earth Studies (CIFES),,2001-04-04 00:00:00,,,,Institusjonsstøtte,Forskningssenter,Vitenskapelig rettet forskningssenter,2002,2011,Vurderes,2002,2011,MANN,Organisasjon,DET MATEMATISK-NATURVITENSKAPELIGE FAKULTET,UIO,0,102,15,UoH-sektor,Universiteter,Oslo,0301,Oslo,03,Oslo og Akershus,3,Infrastruktur og institusjonelle tiltak,11,SFF/SFI/FME,Sentre for fremragende forskning,SFF,Matematikk og naturvitenskap,Matematikk/naturvitenskap - tverrfaglig,Fellesfag naturvitenskap og matematikk (2003),0.0,0.0,192400000.0,0.0,
146007,Acoustic research centre,,2001-04-04 00:00:00,,,,Institusjonsstøtte,Forskningssenter,Vitenskapelig rettet forskningssenter,2002,2012,Vurderes,2002,2012,MANN,Organisasjon,Fakultet for inftekn. matematikk og elektronikk,NTNU,0,104,21,UoH-sektor,Universiteter,Trondheim - Tråante,5001,Trøndelag - Trööndelage,50,Trøndelag,3,Infrastruktur og institusjonelle tiltak,11,SFF/SFI/FME,Sentre for fremragende forskning,SFF,Teknologi,Informasjons- og kommunikasjonsteknologi,Informasjons- og kommunikasjonsteknologi,0.0,0.0,94690000.0,0.0,
146008,"NOCO: NOmadic COmputing for virtual organizations - mobile, distributed and multimedia ICT applications",,2001-04-04 00:00:00,,,,Institusjonsstøtte,Forskningssenter,Vitenskapelig rettet forskningssenter,2002,2011,Vurderes,2002,2011,MANN,Organisasjon,NORGES TEKNISK-NATURVITENSKAPELIGE UNIVERSITET NTNU,NTNU,974767880,104,00,UoH-sektor,Universiteter,Trondheim - Tråante,5001,Trøndelag - Trööndelage,50,Trøndelag,3,Infrastruktur og institusjonelle tiltak,11,SFF/SFI/FME,Sentre for fremragende forskning,SFF,Teknologi,Informasjons- og kommunikasjonsteknologi,Informasjons- og kommunikasjonsteknologi,0.0,0.0,113900000.0,0.0,
146009,International Centre of Applied Information Theory in Trondheim (ICAPITT),,2001-04-04 00:00:00,,,,Institusjonsstøtte,Forskningssenter,Vitenskapelig rettet forskningssenter,2002,2011,Vurderes,2002,2011,MANN,Organisasjon,Fakultet for inftekn. matematikk og elektronikk,NTNU,0,104,21,UoH-sektor,Universiteter,Trondheim - Tråante,5001,Trøndelag - Trööndelage,50,Trøndelag,3,Infrastruktur og institusjonelle tiltak,11,SFF/SFI/FME,Sentre for fremragende forskning,SFF,Teknologi,Informasjons- og kommunikasjonsteknologi,Informasjons- og kommunikasjonsteknologi,0.0,0.0,184000000.0,0.0,
146012,"Center for the Study of Civil War,  CSCW/Senter for borgerkrigsstudier",,2002-01-11 00:00:00,,,,Institusjonsstøtte,Forskningssenter,Vitenskapelig rettet forskningssenter,2003,2012,Avsluttet,2003,2013,MANN,Organisasjon,INSTITUTT FOR FREDSFORSKNING STI,PRIO,847353732,702,18,Instituttsektor,Nasjonale samfunnsvitenskapelige institutter,Oslo,0301,Oslo,03,Oslo og Akershus,3,Infrastruktur og institusjonelle tiltak,11,SFF/SFI/FME,Sentre for fremragende forskning,SFF,Samfunnsvitenskap,Statsvitenskap og organisasjonsteori,Statsvitenskap og organisasjonsteori,9.5,5.14,117210000.0,90000000.0,Scott Gates
146013,UiO - Centre for Longitudinal Studies in Special Needs Education on Habilitation (CLSEH) (arkiv 2001/01150),,2001-04-04 00:00:00,,,,Institusjonsstøtte,Forskningssenter,Vitenskapelig rettet forskningssenter,2002,2011,Vurderes,2002,2011,MANN,Organisasjon,Institutt for spesialpedagogikk,UIO,0,102,20,UoH-sektor,Universiteter,Oslo,0301,Oslo,03,Oslo og Akershus,3,Infrastruktur og institusjonelle tiltak,11,SFF/SFI/FME,Sentre for fremragende forskning,SFF,Samfunnsvitenskap,Pedagogiske fag,Spesialpedagogikk,0.0,0.0,138545000.0,0.0,
146014,UiO - CoE Transformation of European Governance - Dynamics and Legitimacy in European Governance (arkiv 2001/01145),,2001-04-04 00:00:00,,,,Institusjonsstøtte,Forskningssenter,Vitenskapelig rettet forskningssenter,2002,2011,Vurderes,2002,2011,MANN,Organisasjon,DET SAMFUNNSVITENSKAPELIGE FAKULTET,UIO,0,102,10,UoH-sektor,Universiteter,Oslo,0301,Oslo,03,Oslo og Akershus,3,Infrastruktur og institusjonelle tiltak,11,SFF/SFI/FME,Sentre for fremragende forskning,SFF,Samfunnsvitenskap,Samfunnsvitenskap - tverrfaglig,Tverr/flerfaglig innen samfunnsvitenskap,0.0,0.0,181000000.0,0.0,
146015,UiO - Center of Ancient Philosophy (arkiv 2001/01132),,2001-04-04 00:00:00,,,,Institusjonsstøtte,Forskningssenter,Vitenskapelig rettet forskningssenter,2002,2011,Vurderes,2002,2011,MANN,Organisasjon,DET HUMANISTISKE FAKULTET,UIO,0,102,14,UoH-sektor,Universiteter,Oslo,0301,Oslo,03,Oslo og Akershus,3,Infrastruktur og institusjonelle tiltak,11,SFF/SFI/FME,Sentre for fremragende forskning,SFF,Humaniora,Filosofiske fag,Filosofi,0.0,0.0,85074215.0,0.0,
146018,UiB - CoE Language and Text Technology (arkiv 2001/01095),,2001-04-04 00:00:00,,,,Institusjonsstøtte,Forskningssenter,Vitenskapelig rettet forskningssenter,2002,2011,Vurderes,2002,2011,MANN,Organisasjon,UNIVERSITETET I BERGEN,UIB,874789542,101,00,UoH-sektor,Universiteter,Bergen,4601,Vestland,46,Vestlandet,3,Infrastruktur og institusjonelle tiltak,11,SFF/SFI/FME,Sentre for fremragende forskning,SFF,Humaniora,Språkvitenskapelige fag,Datalingvistikk/språkteknologiske fag,0.0,0.0,73800000.0,0.0,
146022,"UiB/LOS - For studies in Democracy, Knowledge and Technology (arkiv 2001/01108)",,2001-04-04 00:00:00,,,,Institusjonsstøtte,Forskningssenter,Vitenskapelig rettet forskningssenter,2002,2011,Vurderes,2002,2011,MANN,Organisasjon,Uni Rokkansenteret,UNI,0,702,03,Instituttsektor,Nasjonale samfunnsvitenskapelige institutter,Bergen,4601,Vestland,46,Vestlandet,3,Infrastruktur og institusjonelle tiltak,11,SFF/SFI/FME,Sentre for fremragende forskning,SFF,Samfunnsvitenskap,Samfunnsvitenskap - tverrfaglig,Tverr/flerfaglig innen samfunnsvitenskap,0.0,0.0,138000000.0,0.0,
146023,Center for Ocean Storage of CO2,,2001-04-04 00:00:00,,,,Institusjonsstøtte,Forskningssenter,Vitenskapelig rettet forskningssenter,2002,2011,Vurderes,2002,2011,MANN,Organisasjon,STIFTELSEN NANSEN SENTER FOR MILJØ OG FJERNMÅLING,NERSC,943432449,705,01,Instituttsektor,Miljøinstitutter,Bergen,4601,Vestland,46,Vestlandet,3,Infrastruktur og institusjonelle tiltak,11,SFF/SFI/FME,Sentre for fremragende forskning,SFF,Matematikk og naturvitenskap,Geofag,Geofag,0.0,0.0,86000000.0,0.0,
146024,Norwegian Center for Acoustical Oceanography - NACOUS,,2001-04-04 00:00:00,,,,Institusjonsstøtte,Forskningssenter,Vitenskapelig rettet forskningssenter,2002,2011,Vurderes,2002,2011,MANN,Organisasjon,STIFTELSEN NANSEN SENTER FOR MILJØ OG FJERNMÅLING,NERSC,943432449,705,01,Instituttsektor,Miljøinstitutter,Bergen,4601,Vestland,46,Vestlandet,3,Infrastruktur og institusjonelle tiltak,11,SFF/SFI/FME,Sentre for fremragende forskning,SFF,Matematikk og naturvitenskap,Geofag,Geofag,0.0,0.0,140000000.0,0.0,
146025,"Centre for Ships and Ocean Structures, CeSOS/Senter for skips- og havkonstruksjoner",,2001-04-04 00:00:00,,,,Institusjonsstøtte,Forskningssenter,Vitenskapelig rettet forskningssenter,2002,2012,Avsluttet,2002,2013,MANN,Organisasjon,NORGES TEKNISK-NATURVITENSKAPELIGE UNIVERSITET NTNU,NTNU,974767880,104,00,UoH-sektor,Universiteter,Trondheim - Tråante,5001,Trøndelag - Trööndelage,50,Trøndelag,3,Infrastruktur og institusjonelle tiltak,11,SFF/SFI/FME,Sentre for fremragende forskning,SFF,Teknologi,Teknologi - tverrfaglig,Tverr/flerfaglig innen teknologi,198.97,60.44,175000000.0,130000000.0,Torgeir Moan
146027,UiB - Centre for Computer Game Studies (arkiv 2001/01111),,2001-04-04 00:00:00,,,,Institusjonsstøtte,Forskningssenter,Vitenskapelig rettet forskningssenter,2002,2011,Vurderes,2002,2011,MANN,Organisasjon,UNIVERSITETET I BERGEN,UIB,874789542,101,00,UoH-sektor,Universiteter,Bergen,4601,Vestland,46,Vestlandet,3,Infrastruktur og institusjonelle tiltak,11,SFF/SFI/FME,Sentre for fremragende forskning,SFF,Humaniora,Humaniora - tverrfaglig,Tverr/flerfaglig humaniora og andre fagområder,0.0,0.0,48200000.0,0.0,
146029,"Centre for Integrated Petroleum Research, CIPR/Senter for integrert petroleumsforskning",,2001-04-04 00:00:00,,,,Institusjonsstøtte,Forskningssenter,Vitenskapelig rettet forskningssenter,2002,2012,Avsluttet,2003,2013,MANN,Organisasjon,Uni CIPR - Senter for Integrert Petroleumsforskning,UNI,0,706,19,Instituttsektor,Teknisk-industrielle institutter,Bergen,4601,Vestland,46,Vestlandet,3,Infrastruktur og institusjonelle tiltak,11,SFF/SFI/FME,Sentre for fremragende forskning,SFF,Teknologi,Berg- og petroleumsfag,Berg- og petroleumsfag,79.79,30.5,160000000.0,140000000.0,Arne Skauge
146031,"Physics of Geological Processes, PGP/Senter for geologiske prosessers fysikk",,2001-04-04 00:00:00,,,,Institusjonsstøtte,Forskningssenter,Vitenskapelig rettet forskningssenter,2002,2012,Avsluttet,2003,2013,MANN,Organisasjon,UNIVERSITETET I OSLO,UIO,971035854,102,00,UoH-sektor,Universiteter,Oslo,0301,Oslo,03,Oslo og Akershus,3,Infrastruktur og institusjonelle tiltak,11,SFF/SFI/FME,Sentre for fremragende forskning,SFF,Matematikk og naturvitenskap,Geofag,Geofag,36.1,22.58,262200000.0,140000000.0,Bjørn Jamtveit
146032,Centre for Petroleum Reservoir Science and Technology - To enhance recovery,,2001-04-04 00:00:00,,,,Institusjonsstøtte,Forskningssenter,Vitenskapelig rettet forskningssenter,2002,2011,Vurderes,2002,2011,MANN,Organisasjon,INTERNATIONAL RESEARCH INSTITUTE OF STAVANGER AS,IRIS,988944459,706,11,Instituttsektor,Teknisk-industrielle institutter,Stavanger,1103,Rogaland,11,Agder og Rogaland,3,Infrastruktur og institusjonelle tiltak,11,SFF/SFI/FME,Sentre for fremragende forskning,SFF,Teknologi,Berg- og petroleumsfag,Berg- og petroleumsfag,0.0,0.0,142400000.0,0.0,
146034,UiO - Centre for Contemporary Research on Converging Technologies & Societies (arkiv 2001/01129),,2001-04-04 00:00:00,,,,Institusjonsstøtte,Forskningssenter,Vitenskapelig rettet forskningssenter,2002,2011,Vurderes,2002,2011,MANN,Organisasjon,UNIVERSITETET I OSLO,UIO,971035854,102,00,UoH-sektor,Universiteter,Oslo,0301,Oslo,03,Oslo og Akershus,3,Infrastruktur og institusjonelle tiltak,11,SFF/SFI/FME,Sentre for fremragende forskning,SFF,Samfunnsvitenskap,Samfunnsvitenskap - tverrfaglig,Tverr/flerfaglig innen samfunnsvitenskap,0.0,0.0,203340000.0,0.0,
146035,"International Centre for Geohazards, ICG/Internasjonalt senter for geofarer",,2001-04-04 00:00:00,,,,Institusjonsstøtte,Forskningssenter,Vitenskapelig rettet forskningssenter,2002,2012,Avsluttet,2003,2013,MANN,Organisasjon,STIFTELSEN NORGES GEOTEKNISKE INSTITUTT,NGI,958254318,706,05,Instituttsektor,Teknisk-industrielle institutter,Oslo,0301,Oslo,03,Oslo og Akershus,3,Infrastruktur og institusjonelle tiltak,11,SFF/SFI/FME,Sentre for fremragende forskning,SFF,Teknologi,Berg- og petroleumsfag,Berg- og petroleumsfag,108.8,15.61,150000000.0,120000000.0,Farrokh Nadim
146036,Bergen Software Services International AS - Scientific consortium,,2001-04-04 00:00:00,,,,Institusjonsstøtte,Forskningssenter,Vitenskapelig rettet forskningssenter,2002,2011,Vurderes,2002,2011,MANN,Organisasjon,BERGEN SOFTWARE SERVICES INTERNATIONAL AS,,970981454,601,00,Næringsliv,Næringsliv,Bergen,4601,Vestland,46,Vestlandet,3,Infrastruktur og institusjonelle tiltak,11,SFF/SFI/FME,Sentre for fremragende forskning,SFF,Matematikk og naturvitenskap,Geofag,Geofag,0.0,0.0,180000000.0,0.0,
146037,Norwegian Center in Operational Oceanography,,2001-04-04 00:00:00,,,,Institusjonsstøtte,Forskningssenter,Vitenskapelig rettet forskningssenter,2002,2011,Vurderes,2002,2011,MANN,Organisasjon,STIFTELSEN NANSEN SENTER FOR MILJØ OG FJERNMÅLING,NERSC,943432449,705,01,Instituttsektor,Miljøinstitutter,Bergen,4601,Vestland,46,Vestlandet,3,Infrastruktur og institusjonelle tiltak,11,SFF/SFI/FME,Sentre for fremragende forskning,SFF,Matematikk og naturvitenskap,Geofag,Oseanografi,0.0,0.0,90000000.0,0.0,
146038,Norwegian Center for Earth Observation,,2001-04-04 00:00:00,,,,Institusjonsstøtte,Forskningssenter,Vitenskapelig rettet forskningssenter,2002,2011,Vurderes,2002,2011,MANN,Organisasjon,STIFTELSEN NANSEN SENTER FOR MILJØ OG FJERNMÅLING,NERSC,943432449,705,01,Instituttsektor,Miljøinstitutter,Bergen,4601,Vestland,46,Vestlandet,3,Infrastruktur og institusjonelle tiltak,11,SFF/SFI/FME,Sentre for fremragende forskning,SFF,Matematikk og naturvitenskap,Matematikk/naturvitenskap - tverrfaglig,Fellesfag naturvitenskap og matematikk (2003),0.0,0.0,160000000.0,0.0,
146040,UiO - InterMedia Learning. Research Centre for Collaborative Learning with Advanced Technologies (arkiv 2001/01149),,2001-04-04 00:00:00,,,,Institusjonsstøtte,Forskningssenter,Vitenskapelig rettet forskningssenter,2002,2011,Vurderes,2002,2011,MANN,Organisasjon,UNIVERSITETET I OSLO,UIO,971035854,102,00,UoH-sektor,Universiteter,Oslo,0301,Oslo,03,Oslo og Akershus,3,Infrastruktur og institusjonelle tiltak,11,SFF/SFI/FME,Sentre for fremragende forskning,SFF,Samfunnsvitenskap,Samfunnsvitenskap - tverrfaglig,Tverr/flerfaglig innen samfunnsvitenskap,0.0,0.0,157200000.0,0.0,
146042,Evolutionary Ecology Centre,,2001-04-04 00:00:00,,,,Institusjonsstøtte,Forskningssenter,Vitenskapelig rettet forskningssenter,2002,2011,Vurderes,2002,2011,MANN,Organisasjon,Naturhistorisk museum,UIO,0,102,03,UoH-sektor,Universiteter,Oslo,0301,Oslo,03,Oslo og Akershus,3,Infrastruktur og institusjonelle tiltak,11,SFF/SFI/FME,Sentre for fremragende forskning,SFF,Matematikk og naturvitenskap,Basale biofag,Basale biofag,0.0,0.0,147600000.0,0.0,
146045,Centre for Ecological and Evolutionary Synthesis (CEES),,2001-04-04 00:00:00,,,,Institusjonsstøtte,Forskningssenter,Vitenskapelig rettet forskningssenter,2002,2011,Vurderes,2002,2011,MANN,Organisasjon,DET MATEMATISK-NATURVITENSKAPELIGE FAKULTET,UIO,0,102,15,UoH-sektor,Universiteter,Oslo,0301,Oslo,03,Oslo og Akershus,3,Infrastruktur og institusjonelle tiltak,11,SFF/SFI/FME,Sentre for fremragende forskning,SFF,Matematikk og naturvitenskap,Basale biofag,Basale biofag,0.0,0.0,216500000.0,0.0,
146046,National Centre for Biosystematics,,2001-04-04 00:00:00,,,,Institusjonsstøtte,Forskningssenter,Vitenskapelig rettet forskningssenter,2002,2011,Vurderes,2002,2011,MANN,Organisasjon,Naturhistorisk museum,UIO,0,102,03,UoH-sektor,Universiteter,Oslo,0301,Oslo,03,Oslo og Akershus,3,Infrastruktur og institusjonelle tiltak,11,SFF/SFI/FME,Sentre for fremragende forskning,SFF,Matematikk og naturvitenskap,Basale biofag,Basale biofag,0.0,0.0,196200000.0,0.0,
146047,UiO - Centre for Contemporary History (arkiv 2001/01131),,2002-01-11 00:00:00,,,,Institusjonsstøtte,Forskningssenter,Vitenskapelig rettet forskningssenter,2002,2012,Avslag,2002,2012,MANN,Organisasjon,UNIVERSITETET I OSLO,UIO,971035854,102,00,UoH-sektor,Universiteter,Oslo,0301,Oslo,03,Oslo og Akershus,3,Infrastruktur og institusjonelle tiltak,11,SFF/SFI/FME,Sentre for fremragende forskning,SFF,Humaniora,Historie,Samtidshistorie (etter 1945),0.0,0.0,104541000.0,0.0,
146049,Evolutionary Ecology,,2001-04-04 00:00:00,,,,Institusjonsstøtte,Forskningssenter,Vitenskapelig rettet forskningssenter,2002,2011,Vurderes,2002,2011,MANN,Organisasjon,FAKULTET FOR NATURVITENSKAP OG,NTNU,0,104,15,UoH-sektor,Universiteter,Trondheim - Tråante,5001,Trøndelag - Trööndelage,50,Trøndelag,3,Infrastruktur og institusjonelle tiltak,11,SFF/SFI/FME,Sentre for fremragende forskning,SFF,Matematikk og naturvitenskap,Basale biofag,Basale biofag,0.0,0.0,124900000.0,0.0,
146050,"Centre for Advanced Study in Theoretical Linguistics, CASTL/Senter for fremragende forskning i teoretisk lingvistikk",,2002-01-10 00:00:00,,,,Institusjonsstøtte,Forskningssenter,Vitenskapelig rettet forskningssenter,2002,2012,Avsluttet,2003,2014,MANN,Organisasjon,UNIVERSITETET I TROMSØ - NORGES ARKTISKE UNIVERSITET,UIT,970422528,103,00,UoH-sektor,Universiteter,Tromsø,5501,Troms - Romsa - Tromssa,55,Nord-Norge,3,Infrastruktur og institusjonelle tiltak,11,SFF/SFI/FME,Sentre for fremragende forskning,SFF,Humaniora,Språkvitenskapelige fag,Allmenn språkvit. og fonetikk,39.22,8.31,66466000.0,60000000.0,Peter Svenonius
146051,Centre for Arthropod Biosystematics,,2001-04-04 00:00:00,,,,Institusjonsstøtte,Forskningssenter,Vitenskapelig rettet forskningssenter,2002,2011,Vurderes,2002,2011,MANN,Organisasjon,Universitetsmuseet i Bergen,UIB,0,101,02,UoH-sektor,Universiteter,Bergen,4601,Vestland,46,Vestlandet,3,Infrastruktur og institusjonelle tiltak,11,SFF/SFI/FME,Sentre for fremragende forskning,SFF,Matematikk og naturvitenskap,Basale biofag,Basale biofag,0.0,0.0,76000000.0,0.0,
146055,Fundamentals of Catalysis - FUNCAT,,2001-04-04 00:00:00,,,,Institusjonsstøtte,Forskningssenter,Vitenskapelig rettet forskningssenter,2002,2011,Vurderes,2002,2011,MANN,Organisasjon,FAKULTET FOR NATURVITENSKAP OG,NTNU,0,104,15,UoH-sektor,Universiteter,Trondheim - Tråante,5001,Trøndelag - Trööndelage,50,Trøndelag,3,Infrastruktur og institusjonelle tiltak,11,SFF/SFI/FME,Sentre for fremragende forskning,SFF,Matematikk og naturvitenskap,Kjemi,Kjemi,0.0,0.0,102000000.0,0.0,
146059,NHH - Centre for research on firm strategy and industry performance (arkiv 2001/01031),,2001-04-04 00:00:00,,,,Institusjonsstøtte,Forskningssenter,Vitenskapelig rettet forskningssenter,2002,2011,Vurderes,2002,2011,MANN,Organisasjon,NORGES HANDELSHØYSKOLE,NHH,974789523,202,00,UoH-sektor,Vitenskapelige høyskoler,Bergen,4601,Vestland,46,Vestlandet,3,Infrastruktur og institusjonelle tiltak,11,SFF/SFI/FME,Sentre for fremragende forskning,SFF,Samfunnsvitenskap,Økonomi,Bedriftsøkonomi,0.0,0.0,120000000.0,0.0,
146060,UiO - Centre for Contemporary Aesthetics (arkiv 2001/01130),,2001-04-04 00:00:00,,,,Institusjonsstøtte,Forskningssenter,Vitenskapelig rettet forskningssenter,2002,2011,Vurderes,2002,2011,MANN,Organisasjon,UNIVERSITETET I OSLO,UIO,971035854,102,00,UoH-sektor,Universiteter,Oslo,0301,Oslo,03,Oslo og Akershus,3,Infrastruktur og institusjonelle tiltak,11,SFF/SFI/FME,Sentre for fremragende forskning,SFF,Humaniora,Humaniora - tverrfaglig,Tverr/flerfaglig innen humaniora,0.0,0.0,85000000.0,0.0,
146061,UiO - Institutions and new technology: Economics and social studies (arkiv 2001/01143),,2001-04-04 00:00:00,,,,Institusjonsstøtte,Forskningssenter,Vitenskapelig rettet forskningssenter,2002,2011,Vurderes,2002,2011,MANN,Organisasjon,UNIVERSITETET I OSLO,UIO,971035854,102,00,UoH-sektor,Universiteter,Oslo,0301,Oslo,03,Oslo og Akershus,3,Infrastruktur og institusjonelle tiltak,11,SFF/SFI/FME,Sentre for fremragende forskning,SFF,Samfunnsvitenskap,Samfunnsvitenskap - tverrfaglig,Tverr/flerfaglig innen samfunnsvitenskap,0.0,0.0,124000000.0,0.0,
146062,SSB - Centre for Study of Public Policy and Finance (arkiv 2001/01074),,2001-04-04 00:00:00,,,,Institusjonsstøtte,Forskningssenter,Vitenskapelig rettet forskningssenter,2002,2011,Vurderes,2002,2011,MANN,Organisasjon,STATISTISK SENTRALBYRÅ,SSB,971526920,707,08,Instituttsektor,Øvrige forskningsinstitutter,Oslo,0301,Oslo,03,Oslo og Akershus,3,Infrastruktur og institusjonelle tiltak,11,SFF/SFI/FME,Sentre for fremragende forskning,SFF,Samfunnsvitenskap,Økonomi,Samfunnsøkonomi,0.0,0.0,82500000.0,0.0,
146063,NHH - Financial Economics (arkiv 2001/01112),,2002-01-11 00:00:00,,,,Institusjonsstøtte,Forskningssenter,Vitenskapelig rettet forskningssenter,2002,2012,Avslag,2002,2012,MANN,Organisasjon,NORGES HANDELSHØYSKOLE,NHH,974789523,202,00,UoH-sektor,Vitenskapelige høyskoler,Bergen,4601,Vestland,46,Vestlandet,3,Infrastruktur og institusjonelle tiltak,11,SFF/SFI/FME,Sentre for fremragende forskning,SFF,Samfunnsvitenskap,Økonomi,Økonomi,0.0,0.0,137500000.0,0.0,
146064,"BI - Centre for REsearch in Financial markets, Economic policy, and the Real economy (REFER) (arkiv 2001/01115)",,2001-04-04 00:00:00,,,,Institusjonsstøtte,Forskningssenter,Vitenskapelig rettet forskningssenter,2002,2012,Vurderes,2002,2012,MANN,Organisasjon,BI OSLO,BI,973113631,209,01,UoH-sektor,Vitenskapelige høyskoler,Oslo,0301,Oslo,03,Oslo og Akershus,3,Infrastruktur og institusjonelle tiltak,11,SFF/SFI/FME,Sentre for fremragende forskning,SFF,Samfunnsvitenskap,Økonomi,Samfunnsøkonomi,0.0,0.0,117600000.0,0.0,
146065,"UiO/TIK - Science, Innovation and Global Competition (SIC) (arkiv 2001/01141)",,2001-04-04 00:00:00,,,,Institusjonsstøtte,Forskningssenter,Vitenskapelig rettet forskningssenter,2002,2011,Vurderes,2002,2011,MANN,Organisasjon,UNIVERSITETET I OSLO,UIO,971035854,102,00,UoH-sektor,Universiteter,Oslo,0301,Oslo,03,Oslo og Akershus,3,Infrastruktur og institusjonelle tiltak,11,SFF/SFI/FME,Sentre for fremragende forskning,SFF,Samfunnsvitenskap,Samfunnsvitenskap - tverrfaglig,Tverr/flerfaglig innen samfunnsvitenskap,0.0,0.0,150000000.0,0.0,
146066,BI - Toward a new understanding of marketing (arkiv 2001/01156),,2001-04-04 00:00:00,,,,Institusjonsstøtte,Forskningssenter,Vitenskapelig rettet forskningssenter,2002,2012,Vurderes,2002,2012,MANN,Organisasjon,BI OSLO,BI,973113631,209,01,UoH-sektor,Vitenskapelige høyskoler,Oslo,0301,Oslo,03,Oslo og Akershus,3,Infrastruktur og institusjonelle tiltak,11,SFF/SFI/FME,Sentre for fremragende forskning,SFF,Samfunnsvitenskap,Økonomi,Bedriftsøkonomi,0.0,0.0,120000000.0,0.0,
146067,NTNU - Language Technology (arkiv 2001/01069),,2001-04-04 00:00:00,,,,Institusjonsstøtte,Forskningssenter,Vitenskapelig rettet forskningssenter,2002,2011,Vurderes,2002,2011,MANN,Organisasjon,NORGES TEKNISK-NATURVITENSKAPELIGE UNIVERSITET NTNU,NTNU,974767880,104,00,UoH-sektor,Universiteter,Trondheim - Tråante,5001,Trøndelag - Trööndelage,50,Trøndelag,3,Infrastruktur og institusjonelle tiltak,11,SFF/SFI/FME,Sentre for fremragende forskning,SFF,Humaniora,Språkvitenskapelige fag,Datalingvistikk/språkteknologiske fag,0.0,0.0,150100000.0,0.0,
146068,Center for soft condensed matter studies,,2001-04-04 00:00:00,,,,Institusjonsstøtte,Forskningssenter,Vitenskapelig rettet forskningssenter,2002,2011,Vurderes,2002,2011,MANN,Organisasjon,DET MATEMATISK-NATURVITENSKAPELIGE FAKULTET,UIO,0,102,15,UoH-sektor,Universiteter,Oslo,0301,Oslo,03,Oslo og Akershus,3,Infrastruktur og institusjonelle tiltak,11,SFF/SFI/FME,Sentre for fremragende forskning,SFF,Matematikk og naturvitenskap,Fysikk,Kondenserte fasers fysikk,0.0,0.0,200000000.0,0.0,
146069,Norwegian Centre of Excellence in Turbulence Research,,2001-04-04 00:00:00,,,,Institusjonsstøtte,Forskningssenter,Vitenskapelig rettet forskningssenter,2002,2011,Vurderes,2002,2011,MANN,Organisasjon,Universitetssenteret på Kjeller,UNIK,0,930,19,Øvrige,Øvrige andre,Lillestrøm,3205,Akershus,32,Oslo og Akershus,3,Infrastruktur og institusjonelle tiltak,11,SFF/SFI/FME,Sentre for fremragende forskning,SFF,Matematikk og naturvitenskap,Matematikk,Anvendt matematikk,0.0,0.0,153610000.0,0.0,
146070,Senter for teoretisk fysikk,,2001-04-04 00:00:00,,,,Institusjonsstøtte,Forskningssenter,Vitenskapelig rettet forskningssenter,2002,2011,Vurderes,2002,2011,MANN,Organisasjon,Institutt for fysikk,NTNU,0,104,15,UoH-sektor,Universiteter,Trondheim - Tråante,5001,Trøndelag - Trööndelage,50,Trøndelag,3,Infrastruktur og institusjonelle tiltak,11,SFF/SFI/FME,Sentre for fremragende forskning,SFF,Matematikk og naturvitenskap,Fysikk,Teoretisk fysikk (2003),0.0,0.0,76000000.0,0.0,
146073,Center for Protein Chemistry,,2001-04-04 00:00:00,,,,Institusjonsstøtte,Forskningssenter,Vitenskapelig rettet forskningssenter,2002,2011,Vurderes,2002,2011,MANN,Organisasjon,DET MATEMATISK-NATURVITENSKAPELIGE FAKULTET,UIO,0,102,15,UoH-sektor,Universiteter,Oslo,0301,Oslo,03,Oslo og Akershus,3,Infrastruktur og institusjonelle tiltak,11,SFF/SFI/FME,Sentre for fremragende forskning,SFF,Matematikk og naturvitenskap,Kjemi,Kjemi,0.0,0.0,199300000.0,0.0,
146074,Fundamentals of Electrochemical Energy Conversion,,2001-04-04 00:00:00,,,,Institusjonsstøtte,Forskningssenter,Vitenskapelig rettet forskningssenter,2002,2011,Vurderes,2002,2011,KVINNE,Organisasjon,FAKULTET FOR NATURVITENSKAP OG,NTNU,0,104,15,UoH-sektor,Universiteter,Trondheim - Tråante,5001,Trøndelag - Trööndelage,50,Trøndelag,3,Infrastruktur og institusjonelle tiltak,11,SFF/SFI/FME,Sentre for fremragende forskning,SFF,Matematikk og naturvitenskap,Kjemi,Kjemi,0.0,0.0,171520000.0,0.0,
146075,The Oslo Joint Centre for Advanced Statistical Research,,2001-04-02 00:00:00,,,,Institusjonsstøtte,Forskningssenter,Vitenskapelig rettet forskningssenter,2002,2011,Vurderes,2002,2011,MANN,Organisasjon,NORSK REGNESENTRAL STI,NR,952125001,706,08,Instituttsektor,Teknisk-industrielle institutter,Oslo,0301,Oslo,03,Oslo og Akershus,3,Infrastruktur og institusjonelle tiltak,11,SFF/SFI/FME,Sentre for fremragende forskning,SFF,Matematikk og naturvitenskap,Matematikk,Statistikk,0.0,0.0,150610000.0,0.0,
146076,NTNU Mathematical Research Centre (MRC),,2001-04-04 00:00:00,,,,Institusjonsstøtte,Forskningssenter,Vitenskapelig rettet forskningssenter,2002,2011,Vurderes,2002,2011,MANN,Organisasjon,Fakultet for inftekn. matematikk og elektronikk,NTNU,0,104,21,UoH-sektor,Universiteter,Trondheim - Tråante,5001,Trøndelag - Trööndelage,50,Trøndelag,3,Infrastruktur og institusjonelle tiltak,11,SFF/SFI/FME,Sentre for fremragende forskning,SFF,Matematikk og naturvitenskap,Matematikk,Ren matematikk (2003),0.0,0.0,114200000.0,0.0,
146077,"Mathematics for applications, CMA/Senter for matematikk for anvendelser",,2001-04-04 00:00:00,,,,Institusjonsstøtte,Forskningssenter,Vitenskapelig rettet forskningssenter,2002,2013,Avsluttet,2003,2013,MANN,Organisasjon,UNIVERSITETET I OSLO,UIO,971035854,102,00,UoH-sektor,Universiteter,Oslo,0301,Oslo,03,Oslo og Akershus,3,Infrastruktur og institusjonelle tiltak,11,SFF/SFI/FME,Sentre for fremragende forskning,SFF,Matematikk og naturvitenskap,Matematikk,Matematikk,64.83,45.13,204000000.0,110000000.0,Ragnar Winther
146078,"Centre for Medieval Studies, CMS/Senter for middelalderstudier",,2002-01-11 00:00:00,,,,Institusjonsstøtte,Forskningssenter,Vitenskapelig rettet forskningssenter,2002,2012,Avsluttet,2003,2013,MANN,Organisasjon,DET HUMANISTISKE FAKULTET,UIB,0,101,14,UoH-sektor,Universiteter,Bergen,4601,Vestland,46,Vestlandet,3,Infrastruktur og institusjonelle tiltak,11,SFF/SFI/FME,Sentre for fremragende forskning,SFF,Humaniora,Historie,Middelalderhistorie,41.72,49.74,63800000.0,60000000.0,Leidulf Melve
146534,"Bacillus cereus, Bacillus anthracis and Bacillus thuringiensis: comparative genomics and functional analysis",,2001-06-15 00:00:00,,,,Institusjonsstøtte,Institusjonsforankret strategisk prosjekt (t.o.m. 2018),Institusjonsforankret strategisk prosjekt (t.o.m. 2018) - Ingen søknadstypevariant,2002,2010,Avsluttet,2002,2011,KVINNE,Organisasjon,Farmasøytisk institutt,UIO,0,102,15,UoH-sektor,Universiteter,Oslo,0301,Oslo,03,Oslo og Akershus,3,Infrastruktur og institusjonelle tiltak,10,Strategisk institusjonsstøtte,Strategiske UoH-progr.fin.NHD,SUP-NHD,Matematikk og naturvitenskap,Basale biofag,Basale biofag,5.98,3.03,10548000.0,10100000.0,Anne-Brit Kolstø
147107,Pigment and beta-hemolysin activity of the genus Propionibacterium,,2001-06-18 00:00:00,,,,Prosjektstøtte,Ingen søknadstype,Ingen søknadstypevariant,2002,3005,Vurderes,2002,3005,MANN,Organisasjon,"FAKULTET FOR KJEMI, BIOTEKNOLOGI OG MATVITENSKAP",NMBU,0,105,12,UoH-sektor,Universiteter,Ås,3218,Akershus,32,Oslo og Akershus,1,Programmer,3,Handlingsrettede programmer,Næringsmidler,MAT,Teknologi,Næringsmiddelteknologi,Næringsmiddelteknologi,0.0,0.0,1752000.0,0.0,
147296,Tyrkey`s guarded democracy: Civil-military visions of security and the state,,2001-06-18 00:00:00,,,,Prosjektstøtte,Ingen søknadstype,Ingen søknadstypevariant,2002,2202,Vurderes,2002,2202,KVINNE,Organisasjon,INSTITUTT FOR FREDSFORSKNING STI,PRIO,847353732,702,18,Instituttsektor,Nasjonale samfunnsvitenskapelige institutter,Oslo,0301,Oslo,03,Oslo og Akershus,2,Frittstående prosjekter,5,Fri prosjektstøtte,Fagkomiteen for samfunnsvitenskap,SAMF,Samfunnsvitenskap,Statsvitenskap og organisasjonsteori,Statsvitenskap og organisasjonsteori,0.0,0.0,240000.0,0.0,
147499,Model development and parameterisation for marine ecosystem transfer,,2001-06-25 00:00:00,,,,Personlig stipend,Ingen søknadstype,Ingen søknadstypevariant,2002,3003,Vurderes,2002,3003,KVINNE,Organisasjon,"FAKULTET FOR KJEMI, BIOTEKNOLOGI OG MATVITENSKAP",NMBU,0,105,12,UoH-sektor,Universiteter,Ås,3218,Akershus,32,Oslo og Akershus,1,Programmer,3,Handlingsrettede programmer,"Forurensning – kilder, spredning og effekter",PROFO,Matematikk og naturvitenskap,Matematikk/naturvitenskap - tverrfaglig,Tverr/flerfaglig innen matematikk og naturvitenskap,0.0,0.0,624000.0,0.0,
148441,Kristian Birkeland.  En forskerbiografi,,2001-06-15 00:00:00,,,,Personlig stipend,Ingen søknadstype,Ingen søknadstypevariant,2002,2995,Vurderes,2002,2995,MANN,Organisasjon,"TIK Senter for teknologi, innovasjon og kultur",UIO,0,102,10,UoH-sektor,Universiteter,Oslo,0301,Oslo,03,Oslo og Akershus,2,Frittstående prosjekter,5,Fri prosjektstøtte,Fagkomiteen for humaniora,HUM,Humaniora,Historie,Moderne historie (etter 1800),0.0,0.0,1236000.0,0.0,
148735,"Fag i praksis
Fagforståelse, yrkesidentitet og yrkesutøvlese hos realfagslærere på ungdomstrinnet",,2001-06-19 00:00:00,,,,Prosjektstøtte,Ingen søknadstype,Ingen søknadstypevariant,2002,2204,Vurderes,2002,2204,MANN,Organisasjon,STIFTELSEN TELEMARKSFORSKING NOTODDEN,TMFORSK,966009012,703,09,Instituttsektor,Regionale samfunnsvitenskapelige institutter,Notodden,4005,Telemark,40,Østlandet ellers,2,Frittstående prosjekter,5,Fri prosjektstøtte,Fagkomit.f.tverrgående forskn.,TVER,Samfunnsvitenskap,Samfunnsvitenskap - tverrfaglig,Tverr/flerfaglig samfunnsvit og andre fagområder,0.0,0.0,3255000.0,0.0,
148913,"Vitenskapelig publisering fra prosjektet ""Konfliktlinjer i utmarka""",,2001-06-18 00:00:00,,,,Andre,Ingen søknadstype,Ingen søknadstypevariant,2002,2202,Vurderes,2002,2202,MANN,Organisasjon,"NORSK INSTITUTT FOR FORSKNING OM OPPVEKST, VELFERD OG ALDRING   NOVA",NOVA,976686144,702,20,Instituttsektor,Nasjonale samfunnsvitenskapelige institutter,Oslo,0301,Oslo,03,Oslo og Akershus,2,Frittstående prosjekter,5,Fri prosjektstøtte,Fagkomiteen for samfunnsvitenskap,SAMF,Samfunnsvitenskap,Sosiologi,Sosiologi,0.0,0.0,345000.0,0.0,
149576,Forskningsleder på Program for psykisk helse,,2001-05-22 00:00:00,,,,Andre,Ingen søknadstype,Ingen søknadstypevariant,2002,2005,Avsluttet,2002,2012,MANN,Organisasjon,Uni Helse,UNI,0,702,03,Instituttsektor,Nasjonale samfunnsvitenskapelige institutter,Bergen,4601,Vestland,46,Vestlandet,1,Programmer,3,Handlingsrettede programmer,Psykisk helse,PSYKISK,Medisin og helsefag,Medisin og helsefag - tverrfaglig,Tverr/flerfaglig innen medisin og helsefag,0.0,0.0,0.0,2033756.0,Robert Murison
150831,"Psykoanalyse, sosialisme og feminisme. Nic Waal om kvinneleg frigiditet anno 1932",,2001-11-02 00:00:00,,,,Personlig stipend,Ingen søknadstype,Ingen søknadstypevariant,2002,2202,Vurderes,2002,2202,KVINNE,Organisasjon,"Institutt for arkeologi, historie, kultur- og religionsvitenskap",UIB,0,101,14,UoH-sektor,Universiteter,Bergen,4601,Vestland,46,Vestlandet,1,Programmer,2,Grunnforskningsprogrammer,Program for kvinne- og kjønnsf,P-KVINN,Humaniora,"Folkloristikk, etnologi",Etnologi,0.0,0.0,72000.0,0.0,
151069,"Diversity, Togetherness and a Society in Change",,2001-12-20 00:00:00,,,,Prosjektstøtte,Ingen søknadstype,Ingen søknadstypevariant,2002,2008,Avsluttet,2002,2011,MANN,Organisasjon,Senter for utviklingsstudier,UIB,0,101,10,UoH-sektor,Universiteter,Bergen,4601,Vestland,46,Vestlandet,1,Programmer,3,Handlingsrettede programmer,"Velferd, arbeidsliv og migrasjon",VAM,Samfunnsvitenskap,Samfunnsvitenskap - tverrfaglig,Tverr/flerfaglig innen samfunnsvitenskap,2.99,0.0,13798009.0,6035000.0,Yngve Lithman
151246,Grunnbevilgning Stiftelsen SINTEF (Samfunn),,2002-01-01 00:00:00,,,,Institusjonsstøtte,Grunnbevilgninger,Grunnbevilgninger - Ingen søknadstypevariant,2002,2008,Avsluttet,2002,2022,KVINNE,Organisasjon,STIFTELSEN SINTEF,SINTEF,948007029,706,14,Instituttsektor,Teknisk-industrielle institutter,Trondheim - Tråante,5001,Trøndelag - Trööndelage,50,Trøndelag,3,Infrastruktur og institusjonelle tiltak,9,Basisbevilgninger,Resultatbasert grunnbevilgning - Samf.vitensk.institutter,RBGRUNSAMF,Samfunnsvitenskap,Samfunnsvitenskap - tverrfaglig,Tverr/flerfaglig innen samfunnsvitenskap,0.0,0.0,0.0,245022000.0,Alexandra Bech Gjørv
151999,Nettverk for Asiastudier,,2002-01-01 00:00:00,,,,Institusjonsstøtte,Ingen søknadstype,Ingen søknadstypevariant,2002,2010,Avsluttet,2002,2012,MANN,Organisasjon,Senter for utvikling og miljø (SUM),UIO,0,102,01,UoH-sektor,Universiteter,Oslo,0301,Oslo,03,Oslo og Akershus,1,Programmer,3,Handlingsrettede programmer,Norge - Global partner,NORGLOBAL,Samfunnsvitenskap,Samfunnsvitenskap - tverrfaglig,Tverr/flerfaglig samfunnsvit og andre fagområder,0.0,0.0,0.0,3500000.0,Harald Bøckman
153557,Localisation and Ownership of Knowledge Sources in Poverty Reduction Strategies,,2002-06-17 00:00:00,,,,Personlig stipend,Ingen søknadstype,Ingen søknadstypevariant,2003,2007,Avsluttet,2003,2012,MANN,Organisasjon,Senter for utvikling og miljø (SUM),UIO,0,102,01,UoH-sektor,Universiteter,Oslo,0301,Oslo,03,Oslo og Akershus,2,Frittstående prosjekter,5,Fri prosjektstøtte,Miljø- og utviklingsforskning,FRIMUF,Samfunnsvitenskap,Samfunnsvitenskap - tverrfaglig,Tverr/flerfaglig innen samfunnsvitenskap,0.0,0.0,1768000.0,1755666.0,Desmond McNeill
153626,"Trangressing Economic Boundaries: Gender, Commodification and Social Change in Zanzibar.",,2002-06-19 00:00:00,,,,Personlig stipend,Ingen søknadstype,Ingen søknadstypevariant,2003,2008,Avsluttet,2003,2011,KVINNE,Organisasjon,AGDERFORSKNING AS,AGDERFORSK,986377034,703,01,Instituttsektor,Regionale samfunnsvitenskapelige institutter,Kristiansand,4204,Agder,42,Agder og Rogaland,2,Frittstående prosjekter,5,Fri prosjektstøtte,Miljø- og utviklingsforskning,FRIMUF,Samfunnsvitenskap,Sosialantropologi,Sosialantropologi,2.06,0.0,1816000.0,1790000.0,Kjersti Larsen
153958,Multivariable Process Control in High Temperature and High Pressure Environments using Multi Sensor Data Fusion,,2002-06-18 00:00:00,,,,Institusjonsstøtte,Institusjonsforankret strategisk prosjekt (t.o.m. 2018),Institusjonsforankret strategisk prosjekt (t.o.m. 2018) - Ingen søknadstypevariant,2003,2008,Avsluttet,2003,2011,MANN,Organisasjon,STIFTELSEN TEL-TEK,TELTEK,943161895,706,15,Instituttsektor,Teknisk-industrielle institutter,Porsgrunn,4001,Telemark,40,Østlandet ellers,3,Infrastruktur og institusjonelle tiltak,9,Basisbevilgninger,Strategiske instituttprogram finansiert av NHD,SIP-NHD,Teknologi,Maskinfag,Maskinfag,14.66,0.0,13937000.0,9600000.0,Saba Mylvaganam
155423,Betydningen av apolipoprotein E polymorfismen for sykdomsutvikling,,2002-06-13 00:00:00,,,,Personlig stipend,Diverse personlige stipend (t.o.m. 2018),Diverse personlige stipend (t.o.m. 2018) - Ingen søknadstypevariant,2003,2007,Avsluttet,2003,2014,KVINNE,Organisasjon,Institutt for klinisk medisin,UIO,0,102,12,UoH-sektor,Universiteter,Oslo,0301,Oslo,03,Oslo og Akershus,2,Frittstående prosjekter,5,Fri prosjektstøtte,"Fri prosjektstøtte for medisin, helse og biologi",FRIMEDBIO,Medisin og helsefag,"Basale medisinske, odont. og veterinærmed. fag","Generell patologi, patologisk anatomi",3.15,0.0,519000.0,1846050.0,Else Marit Løberg
155559,"Livskvalitet, mestring og helse gjennom musikkdeltakelse, med vekt på stedskontekstens betydning for myndiggjøring",,2002-06-17 00:00:00,,,,Prosjektstøtte,Ingen søknadstype,Ingen søknadstypevariant,2003,2205,Vurderes,2003,2205,MANN,Organisasjon,TRØNDELAG FORSKNING OG UTVIKLING AS,TFOU,989229389,702,39,Instituttsektor,Nasjonale samfunnsvitenskapelige institutter,Steinkjer,5006,Trøndelag - Trööndelage,50,Trøndelag,2,Frittstående prosjekter,5,Fri prosjektstøtte,Fagkomiteen for samfunnsvitenskap,SAMF,Samfunnsvitenskap,Sosiologi,Sosiologi,0.0,0.0,2610000.0,0.0,
155578,Integrert produktpolitikk og industriell økologi framover - IPP,,2002-06-17 00:00:00,,,,Personlig stipend,Diverse personlige stipend (t.o.m. 2018),Diverse personlige stipend (t.o.m. 2018) - Ingen søknadstypevariant,2003,2004,Avsluttet,2004,2011,MANN,Organisasjon,Fakultet for ingeniørvitenskap og teknologi,NTNU,0,104,20,UoH-sektor,Universiteter,Trondheim - Tråante,5001,Trøndelag - Trööndelage,50,Trøndelag,3,Infrastruktur og institusjonelle tiltak,10,Strategisk institusjonsstøtte,Strategiske univiversitetsprogrammer,SUP,Samfunnsvitenskap,Samfunnsvitenskap - tverrfaglig,Tverr/flerfaglig samfunnsvit og andre fagområder,0.0,0.0,0.0,-486125.0,Helge Brattebø
156533,Norge - Berkeley Senteret 2008 - 2010 (forlenget fra 2003 2007),,2002-09-23 00:00:00,,,,Prosjektstøtte,Koordinerings- og støtteaktivitet,Nettverksstøtte,2002,2010,Avsluttet,2002,2011,MANN,Organisasjon,DET UTDANNINGSVITENSKAPELIGE FAKULTET,UIO,0,102,20,UoH-sektor,Universiteter,Oslo,0301,Oslo,03,Oslo og Akershus,4,Nettverkstiltak,16,Internasjonale nettverkstiltak,Annet internasjonalt samarbeid,DIV-INT,Samfunnsvitenskap,Samfunnsvitenskap - tverrfaglig,Tverr/flerfaglig innen samfunnsvitenskap,0.0,0.0,2650000.0,5050000.0,Trond Petersen
157108,"Støtte til ""Comparative Research Progamme on Poverty"" (CROP)",,2002-12-01 00:00:00,,,,Institusjonsstøtte,Ingen søknadstype,Ingen søknadstypevariant,2002,2006,Avsluttet,2002,2017,KVINNE,Organisasjon,Comparative Research Programme on Poverty,UIB,0,101,10,UoH-sektor,Universiteter,Bergen,4601,Vestland,46,Vestlandet,1,Programmer,3,Handlingsrettede programmer,Norge - Global partner,NORGLOBAL,Samfunnsvitenskap,Samfunnsvitenskap - tverrfaglig,Tverr/flerfaglig samfunnsvit og andre fagområder,0.0,0.0,0.0,6000000.0,Asun Lera St. Clair
157184,Grunnbevilgning NIFU,,2002-09-01 00:00:00,,,,Institusjonsstøtte,Grunnbevilgninger,Grunnbevilgninger - Ingen søknadstypevariant,2003,2010,Avsluttet,2003,2022,KVINNE,Organisasjon,"NORDISK INSTITUTT FOR STUDIER AV INNOVASJON, FORSKNING OG UTDANNING (NIFU) STI",NIFU,976073169,702,21,Instituttsektor,Nasjonale samfunnsvitenskapelige institutter,Oslo,0301,Oslo,03,Oslo og Akershus,3,Infrastruktur og institusjonelle tiltak,9,Basisbevilgninger,Resultatbasert grunnbevilgning - Samf.vitensk.institutter,RBGRUNSAMF,Samfunnsvitenskap,Samfunnsvitenskap - tverrfaglig,Tverr/flerfaglig innen samfunnsvitenskap,0.0,0.0,0.0,248566000.0,Vibeke Opheim
157186,Grunnbevilgning AFI - Arbeidsforskningsinstituttet (Utgår. Tilhører nå HiOA),,2002-09-01 00:00:00,,,,Institusjonsstøtte,Grunnbevilgninger,Grunnbevilgninger - Ingen søknadstypevariant,2003,2008,Avsluttet,2003,2014,MANN,Organisasjon,OSLOMET - STORBYUNIVERSITETET,HIOA,0,326,00,UoH-sektor,Statlige høyskoler,Oslo,0301,Oslo,03,Oslo og Akershus,3,Infrastruktur og institusjonelle tiltak,9,Basisbevilgninger,Resultatbasert grunnbevilgning - Samf.vitensk.institutter,RBGRUNSAMF,Samfunnsvitenskap,Samfunnsvitenskap - tverrfaglig,Tverr/flerfaglig innen samfunnsvitenskap,0.0,0.0,0.0,72161000.0,Arild Henrik Steen
157861,"Epidemiology of antibiotic resistance in clinical and envirionmental settings: prevalence, host diversity, and transfer of blaTEM genes",,2003-02-19 00:00:00,,,,Personlig stipend,Ingen søknadstype,Ingen søknadstypevariant,2003,2007,Avsluttet,2003,2012,MANN,Organisasjon,Institutt for farmasi,UIT,0,103,12,UoH-sektor,Universiteter,Tromsø,5501,Troms - Romsa - Tromssa,55,Nord-Norge,2,Frittstående prosjekter,5,Fri prosjektstøtte,"Fri prosjektstøtte for medisin, helse og biologi",FRIMEDBIO,Teknologi,Bioteknologi,Bioteknologi,2.57,0.0,2013000.0,1900500.0,Kaare Magne Nielsen
157968,Kvener og skogfinner i fortid og nåtid - identitetsforvaltning og strategier,,2003-02-05 00:00:00,,,,Prosjektstøtte,Ingen søknadstype,Ingen søknadstypevariant,2003,2011,Avsluttet,2003,2012,KVINNE,Organisasjon,"FAKULTET FOR HUMANIORA, SAMFUNNSVITENSKAP OG LÆRERUTDANNING",UIT,0,103,10,UoH-sektor,Universiteter,Tromsø,5501,Troms - Romsa - Tromssa,55,Nord-Norge,2,Frittstående prosjekter,8,Andre frittstående prosjekter,Kvensk,KVENSK,Humaniora,Humaniora - tverrfaglig,Tverr/flerfaglig humaniora og andre fagområder,3.23,0.0,9000000.0,9000000.0,Anna-Riitta Lindgren
158449,Strategisk fakultetsprogram i konkurranserett,,2003-04-15 00:00:00,,,,Prosjektstøtte,Ingen søknadstype,Ingen søknadstypevariant,2004,2006,Avsluttet,2004,2011,MANN,Organisasjon,DET JURIDISKE FAKULTET,UIB,0,101,11,UoH-sektor,Universiteter,Bergen,4601,Vestland,46,Vestlandet,3,Infrastruktur og institusjonelle tiltak,10,Strategisk institusjonsstøtte,ISP - Samfunnsvitenskap,ISPSAM,Samfunnsvitenskap,Rettsvitenskap,Rettsvitenskap,5.74,2.99,7974000.0,6593666.0,Ernst Nordtveit
158503,"Rettslege problemstillingar innafor kystsoneforvaltning - kompetanseutvikling, dr.gr.stip.",,2003-04-20 00:00:00,,,,Personlig stipend,Diverse personlige stipend (t.o.m. 2018),Diverse personlige stipend (t.o.m. 2018) - Ingen søknadstypevariant,2003,2008,Avsluttet,2003,2012,MANN,Organisasjon,DET JURIDISKE FAKULTET,UIT,0,103,11,UoH-sektor,Universiteter,Tromsø,5501,Troms - Romsa - Tromssa,55,Nord-Norge,1,Programmer,1,Brukerstyrte innovasjonsprogrammer,Bionæringsprogram,BIONÆR,Samfunnsvitenskap,Rettsvitenskap,Rettsvitenskap,4.4,0.0,1740000.0,1855000.0,Tore Henriksen
158687,Teacher Education as a Part of Multicultural Nation Building: An Interdisciplinary Approach,,2003-05-16 00:00:00,,,,Institusjonsstøtte,Institusjonsforankret strategisk prosjekt (t.o.m. 2018),Institusjonsforankret strategisk prosjekt (t.o.m. 2018) - Ingen søknadstypevariant,2004,2011,Avsluttet,2004,2012,MANN,Organisasjon,UNIVERSITETET I INNLANDET HAMAR,HIHM,974799022,323,11,UoH-sektor,Statlige høyskoler,Elverum,3420,Innlandet,34,Østlandet ellers,3,Infrastruktur og institusjonelle tiltak,10,Strategisk institusjonsstøtte,Strategiske høgskoleprogram,SHP,Samfunnsvitenskap,Samfunnsvitenskap - tverrfaglig,Tverr/flerfaglig samfunnsvit og andre fagområder,6.79,0.0,4837800.0,4681000.0,Thor Ola Engen
158924,Farm entrepreneurship: the potential and challenges of farm-based new venturing,,2003-06-16 00:00:00,,,,Institusjonsstøtte,Institusjonsforankret strategisk prosjekt (t.o.m. 2018),Institusjonsforankret strategisk prosjekt (t.o.m. 2018) - Ingen søknadstypevariant,2004,2010,Avsluttet,2005,2011,MANN,Organisasjon,NORSK INSTITUTT FOR LANDBRUKSØKONOMISK FORSKNING (NILF),NILF,970954333,701,06,Instituttsektor,Primærnæringsinstitutter,Oslo,0301,Oslo,03,Oslo og Akershus,3,Infrastruktur og institusjonelle tiltak,9,Basisbevilgninger,SIP finansiert av Landbruksog matdepartementet,SIP-LMD,Landbruks- og fiskerifag,Landbruksfag,Landbruksfag,7.39,2.5,12000000.0,12225000.0,Ola Flaten
158973,Not in my nature? The controversies and politics of environmentalism and public planning in localising wind farms,,2003-06-18 00:00:00,,,,Personlig stipend,Diverse personlige stipend (t.o.m. 2018),Diverse personlige stipend (t.o.m. 2018) - Ingen søknadstypevariant,2004,2006,Avsluttet,2004,2013,MANN,Organisasjon,NTNU DET HUMANISTISKE FAKULTET,NTNU,981554140,104,14,UoH-sektor,Universiteter,Trondheim - Tråante,5001,Trøndelag - Trööndelage,50,Trøndelag,1,Programmer,4,Store programmer,Stort program energi,ENERGIX,Samfunnsvitenskap,Samfunnsvitenskap - tverrfaglig,Tverr/flerfaglig innen samfunnsvitenskap,3.32,0.0,0.0,1198250.0,Knut Holtan Sørensen
159019,A functional genomics approach to the choregraphy of genomic maintenace.,,2003-06-18 00:00:00,,,,Prosjektstøtte,Forskerprosjekt,Fornyelse,2004,2008,Avsluttet,2004,2011,MANN,Organisasjon,Det medisinske fakultet,NTNU,0,104,12,UoH-sektor,Universiteter,Trondheim - Tråante,5001,Trøndelag - Trööndelage,50,Trøndelag,1,Programmer,4,Store programmer,Funksjonell genomforskn.i Norg,FUGE,Teknologi,Bioteknologi,Bioteknologi,4.0,2.16,11137000.0,8000000.0,Geir Slupphaug
159058,Molekylærbiologiske  studier av gram-positive bakterier: Funksjonell genomikk og anvendelse.,,2003-06-16 00:00:00,,,,Institusjonsstøtte,Institusjonsforankret strategisk prosjekt (t.o.m. 2018),Institusjonsforankret strategisk prosjekt (t.o.m. 2018) - Ingen søknadstypevariant,2004,2008,Avsluttet,2004,2011,MANN,Organisasjon,"FAKULTET FOR KJEMI, BIOTEKNOLOGI OG MATVITENSKAP",NMBU,0,105,12,UoH-sektor,Universiteter,Ås,3218,Akershus,32,Oslo og Akershus,1,Programmer,1,Brukerstyrte innovasjonsprogrammer,Matprogrammet: Norsk mat fra sjø og land,MATPROG,Landbruks- og fiskerifag,Landbruksfag,Landbruksfag,10.3,8.0,28016000.0,23000001.0,Ingolf F. Nes
159635,Nature and science in politics and everyday practices,,2003-06-16 00:00:00,,,,Prosjektstøtte,Forskerprosjekt,Fornyelse,2004,2007,Avsluttet,2004,2011,KVINNE,Organisasjon,"TIK Senter for teknologi, innovasjon og kultur",UIO,0,102,10,UoH-sektor,Universiteter,Oslo,0301,Oslo,03,Oslo og Akershus,2,Frittstående prosjekter,5,Fri prosjektstøtte,Fagkomiteen for samfunnsvitenskap,SAMF,Samfunnsvitenskap,Samfunnsvitenskap - tverrfaglig,Tverr/flerfaglig samfunnsvit og andre fagområder,0.0,0.0,6325500.0,2917500.0,Kristin Asdal
159840,CO2 sequestration in aquifers - Experimental studies on mineral trapping,,2003-06-16 00:00:00,,,,Personlig stipend,Diverse personlige stipend (t.o.m. 2018),Diverse personlige stipend (t.o.m. 2018) - Ingen søknadstypevariant,2004,2006,Avsluttet,2004,2011,MANN,Organisasjon,Institutt for geofag,UIO,0,102,15,UoH-sektor,Universiteter,Oslo,0301,Oslo,03,Oslo og Akershus,2,Frittstående prosjekter,5,Fri prosjektstøtte,Matematikk og naturvitenskap,FRINAT,Matematikk og naturvitenskap,Geofag,Geofag,3.4,0.0,2415000.0,1996900.0,Per Aagaard
159947,Illict Images: Contemporary Art Cinema and the Limits of Transgression.,,2003-06-17 00:00:00,,,,Personlig stipend,Diverse personlige stipend (t.o.m. 2018),Diverse personlige stipend (t.o.m. 2018) - Ingen søknadstypevariant,2004,2007,Avsluttet,2004,2011,MANN,Organisasjon,Institutt for fremmedspråk,UIB,0,101,14,UoH-sektor,Universiteter,Bergen,4601,Vestland,46,Vestlandet,2,Frittstående prosjekter,5,Fri prosjektstøtte,Fagkomiteen for samfunnsvitenskap,SAMF,Humaniora,Film- og teatervitenskap,Filmvitenskap,0.0,1.5,1899000.0,2135000.0,Asbjørn Grønstad
160010,Grunnbevilgning - NIKU,,2003-06-15 00:00:00,,,,Institusjonsstøtte,Grunnbevilgninger,Grunnbevilgninger - Ingen søknadstypevariant,2004,2015,Avsluttet,2004,2022,KVINNE,Organisasjon,STIFTELSEN NORSK INSTITUTT FOR KULTURMINNEFORSKNING,NIKU,985767769,705,04,Instituttsektor,Miljøinstitutter,Oslo,0301,Oslo,03,Oslo og Akershus,3,Infrastruktur og institusjonelle tiltak,9,Basisbevilgninger,Resultatbasert grunnbevilgning - Miljøinstitutter,RBGRUNMILJ,Matematikk og naturvitenskap,Matematikk/naturvitenskap - tverrfaglig,Tverr/flerfaglig mat.nat og andre fagområder,0.0,0.0,36610000.0,242740000.0,Kristin Bakken
160015,Grunnbevilgning - CICERO,,2003-06-16 00:00:00,,,,Institusjonsstøtte,Grunnbevilgninger,Grunnbevilgninger - Ingen søknadstypevariant,2004,2015,Avsluttet,2004,2022,KVINNE,Organisasjon,CICERO SENTER FOR KLIMAFORSKNING STI,CICERO,971274190,705,02,Instituttsektor,Miljøinstitutter,Oslo,0301,Oslo,03,Oslo og Akershus,3,Infrastruktur og institusjonelle tiltak,9,Basisbevilgninger,Resultatbasert grunnbevilgning - Miljøinstitutter,RBGRUNMILJ,Samfunnsvitenskap,Samfunnsvitenskap - tverrfaglig,Tverr/flerfaglig innen samfunnsvitenskap,0.0,0.0,16750000.0,171018000.0,Kristin Halvorsen
160016,Grunnbevilgning - NIVA,,2003-06-17 00:00:00,,,,Institusjonsstøtte,Grunnbevilgninger,Grunnbevilgninger - Ingen søknadstypevariant,2004,2015,Avsluttet,2004,2022,KVINNE,Organisasjon,NORSK INSTITUTT FOR VANNFORSKNING STI,NIVA,855869942,705,07,Instituttsektor,Miljøinstitutter,Oslo,0301,Oslo,03,Oslo og Akershus,3,Infrastruktur og institusjonelle tiltak,9,Basisbevilgninger,Resultatbasert grunnbevilgning - Miljøinstitutter,RBGRUNMILJ,Matematikk og naturvitenskap,Matematikk/naturvitenskap - tverrfaglig,Tverr/flerfaglig mat.nat og andre fagområder,0.0,0.0,50800000.0,554914000.0,Inga Fløisand
160020,Grunnbevilgning - NILU,,2003-06-15 00:00:00,,,,Institusjonsstøtte,Grunnbevilgninger,Grunnbevilgninger - Ingen søknadstypevariant,2004,2015,Avsluttet,2004,2022,MANN,Organisasjon,STIFTELSEN NILU,NILU,941705561,705,05,Instituttsektor,Miljøinstitutter,Lillestrøm,3205,Akershus,32,Oslo og Akershus,3,Infrastruktur og institusjonelle tiltak,9,Basisbevilgninger,Resultatbasert grunnbevilgning - Miljøinstitutter,RBGRUNMILJ,Matematikk og naturvitenskap,Matematikk/naturvitenskap - tverrfaglig,Tverr/flerfaglig mat.nat og andre fagområder,0.0,0.0,34602000.0,401449000.0,John Rune Nielsen